name,time,windspeed_ZMW
windgeber_ZMW,1698745980000000000,9.6
windgeber_ZMW,1698746580000000000,9.9
windgeber_ZMW,1698747180000000000,9.1
windgeber_ZMW,1698747780000000000,9
windgeber_ZMW,1698748380000000000,9.1
windgeber_ZMW,1698748980000000000,9.7
windgeber_ZMW,1698749580000000000,10
windgeber_ZMW,1698750180000000000,10.9
windgeber_ZMW,1698750780000000000,10.5
windgeber_ZMW,1698751380000000000,10.4
windgeber_ZMW,1698751980000000000,11.2
windgeber_ZMW,1698752580000000000,10.1
windgeber_ZMW,1698753180000000000,9.8
windgeber_ZMW,1698753780000000000,9.2
windgeber_ZMW,1698754380000000000,8
windgeber_ZMW,1698754980000000000,8.3
windgeber_ZMW,1698755580000000000,10.3
windgeber_ZMW,1698756180000000000,10.4
windgeber_ZMW,1698756780000000000,11.4
windgeber_ZMW,1698757380000000000,9.6
windgeber_ZMW,1698757980000000000,9.3
windgeber_ZMW,1698758580000000000,10.8
windgeber_ZMW,1698759180000000000,10.3
windgeber_ZMW,1698759780000000000,11.5
windgeber_ZMW,1698760380000000000,9
windgeber_ZMW,1698760980000000000,9.5
windgeber_ZMW,1698761580000000000,8.6
windgeber_ZMW,1698762180000000000,11.8
windgeber_ZMW,1698762780000000000,8.9
windgeber_ZMW,1698763380000000000,8.5
windgeber_ZMW,1698763980000000000,8.7
windgeber_ZMW,1698764581000000000,8.5
windgeber_ZMW,1698765180000000000,8
windgeber_ZMW,1698765780000000000,6.8
windgeber_ZMW,1698766380000000000,7.7
windgeber_ZMW,1698766980000000000,8.5
windgeber_ZMW,1698767580000000000,7.5
windgeber_ZMW,1698768180000000000,6.8
windgeber_ZMW,1698768780000000000,7.7
windgeber_ZMW,1698769380000000000,7.2
windgeber_ZMW,1698769980000000000,6.7
windgeber_ZMW,1698770581000000000,6
windgeber_ZMW,1698771181000000000,5.7
windgeber_ZMW,1698771781000000000,5.9
windgeber_ZMW,1698772381000000000,5.5
windgeber_ZMW,1698772980000000000,5.5
windgeber_ZMW,1698773581000000000,5.1
windgeber_ZMW,1698774181000000000,5.6
windgeber_ZMW,1698774781000000000,6
windgeber_ZMW,1698775381000000000,5.3
windgeber_ZMW,1698775981000000000,5.8
windgeber_ZMW,1698776580000000000,6
windgeber_ZMW,1698777181000000000,6.5
windgeber_ZMW,1698777780000000000,5.9
windgeber_ZMW,1698778381000000000,5.3
windgeber_ZMW,1698778981000000000,5.4
windgeber_ZMW,1698779580000000000,5.8
windgeber_ZMW,1698780181000000000,6.3
windgeber_ZMW,1698780781000000000,7.2
windgeber_ZMW,1698781381000000000,8
windgeber_ZMW,1698781981000000000,7.1
windgeber_ZMW,1698782581000000000,7.1
windgeber_ZMW,1698783181000000000,9
windgeber_ZMW,1698783781000000000,7
windgeber_ZMW,1698784381000000000,5.6
windgeber_ZMW,1698784981000000000,4.2
windgeber_ZMW,1698785581000000000,3.9
windgeber_ZMW,1698786181000000000,4
windgeber_ZMW,1698786781000000000,4.6
windgeber_ZMW,1698787381000000000,4
windgeber_ZMW,1698787981000000000,4.7
windgeber_ZMW,1698788581000000000,4.5
windgeber_ZMW,1698789181000000000,4.2
windgeber_ZMW,1698789781000000000,3.8
windgeber_ZMW,1698790381000000000,3.3
windgeber_ZMW,1698790981000000000,2.9
windgeber_ZMW,1698791581000000000,4.1
windgeber_ZMW,1698792181000000000,4.7
windgeber_ZMW,1698792781000000000,4.6
windgeber_ZMW,1698793381000000000,5
windgeber_ZMW,1698793981000000000,5.4
windgeber_ZMW,1698794581000000000,5.4
windgeber_ZMW,1698795181000000000,4.5
windgeber_ZMW,1698795781000000000,4.4
windgeber_ZMW,1698796381000000000,4
windgeber_ZMW,1698796981000000000,4.1
windgeber_ZMW,1698797581000000000,3.7
windgeber_ZMW,1698798181000000000,3.7
windgeber_ZMW,1698798781000000000,3.3
windgeber_ZMW,1698799381000000000,3
windgeber_ZMW,1698799981000000000,3
windgeber_ZMW,1698800581000000000,2.9
windgeber_ZMW,1698801181000000000,3
windgeber_ZMW,1698801781000000000,2.8
windgeber_ZMW,1698802381000000000,3.2
windgeber_ZMW,1698802981000000000,3.1
windgeber_ZMW,1698803581000000000,2.5
windgeber_ZMW,1698804181000000000,2.5
windgeber_ZMW,1698804781000000000,2.8
windgeber_ZMW,1698805381000000000,2.3
windgeber_ZMW,1698805981000000000,2.2
windgeber_ZMW,1698806581000000000,2.2
windgeber_ZMW,1698807181000000000,1.9
windgeber_ZMW,1698807781000000000,1.7
windgeber_ZMW,1698808381000000000,1.5
windgeber_ZMW,1698808981000000000,1.6
windgeber_ZMW,1698809581000000000,1.9
windgeber_ZMW,1698810181000000000,1.6
windgeber_ZMW,1698810781000000000,1.1
windgeber_ZMW,1698811381000000000,0.9
windgeber_ZMW,1698811981000000000,1
windgeber_ZMW,1698812581000000000,0.7
windgeber_ZMW,1698813181000000000,0.3
windgeber_ZMW,1698813781000000000,0.1
windgeber_ZMW,1698814381000000000,0.3
windgeber_ZMW,1698814981000000000,1.1
windgeber_ZMW,1698815581000000000,0.6
windgeber_ZMW,1698816181000000000,0.3
windgeber_ZMW,1698816781000000000,0.1
windgeber_ZMW,1698817381000000000,0.8
windgeber_ZMW,1698817981000000000,1.2
windgeber_ZMW,1698818581000000000,1.4
windgeber_ZMW,1698819181000000000,1.7
windgeber_ZMW,1698819781000000000,2.2
windgeber_ZMW,1698820381000000000,1.9
windgeber_ZMW,1698820981000000000,1.9
windgeber_ZMW,1698821581000000000,1.8
windgeber_ZMW,1698822181000000000,2.2
windgeber_ZMW,1698822781000000000,2.5
windgeber_ZMW,1698823381000000000,2.1
windgeber_ZMW,1698823981000000000,1.7
windgeber_ZMW,1698824581000000000,1.7
windgeber_ZMW,1698825181000000000,1.6
windgeber_ZMW,1698825781000000000,1.6
windgeber_ZMW,1698826381000000000,1.9
windgeber_ZMW,1698826981000000000,2
windgeber_ZMW,1698827581000000000,1.7
windgeber_ZMW,1698828181000000000,2.2
windgeber_ZMW,1698828781000000000,2.3
windgeber_ZMW,1698829766000000000,0
windgeber_ZMW,1698831035000000000,2.9
windgeber_ZMW,1698831635000000000,2.7
windgeber_ZMW,1698832235000000000,3.2
windgeber_ZMW,1698832835000000000,3.7
windgeber_ZMW,1698833435000000000,3
windgeber_ZMW,1698834035000000000,2.9
windgeber_ZMW,1698834635000000000,3
windgeber_ZMW,1698835235000000000,3
windgeber_ZMW,1698835835000000000,3
windgeber_ZMW,1698836435000000000,3.1
windgeber_ZMW,1698837035000000000,2.6
windgeber_ZMW,1698837635000000000,2.8
windgeber_ZMW,1698838235000000000,3.6
windgeber_ZMW,1698838835000000000,3.5
windgeber_ZMW,1698839435000000000,3.6
windgeber_ZMW,1698840035000000000,3.4
windgeber_ZMW,1698840635000000000,4.3
windgeber_ZMW,1698841235000000000,3.5
windgeber_ZMW,1698841835000000000,3
windgeber_ZMW,1698842435000000000,2.4
windgeber_ZMW,1698843035000000000,2.7
windgeber_ZMW,1698843635000000000,2.9
windgeber_ZMW,1698844235000000000,3.7
windgeber_ZMW,1698844835000000000,3
windgeber_ZMW,1698845435000000000,3.9
windgeber_ZMW,1698846035000000000,3.3
windgeber_ZMW,1698846635000000000,3.4
windgeber_ZMW,1698847235000000000,3.7
windgeber_ZMW,1698847835000000000,3.4
windgeber_ZMW,1698848435000000000,3.4
windgeber_ZMW,1698849035000000000,4
windgeber_ZMW,1698849635000000000,3.4
windgeber_ZMW,1698850235000000000,3
windgeber_ZMW,1698850835000000000,3.6
windgeber_ZMW,1698851435000000000,3.8
windgeber_ZMW,1698852029000000000,3.9
windgeber_ZMW,1698852629000000000,4
windgeber_ZMW,1698853229000000000,4.2
windgeber_ZMW,1698853829000000000,4.6
windgeber_ZMW,1698854429000000000,4.5
windgeber_ZMW,1698855029000000000,4.4
windgeber_ZMW,1698855629000000000,4
windgeber_ZMW,1698856229000000000,3.8
windgeber_ZMW,1698856829000000000,3.7
windgeber_ZMW,1698857429000000000,3.9
windgeber_ZMW,1698858029000000000,3.5
windgeber_ZMW,1698858629000000000,3.7
windgeber_ZMW,1698859229000000000,4
windgeber_ZMW,1698859829000000000,4.4
windgeber_ZMW,1698860429000000000,4.2
windgeber_ZMW,1698861029000000000,4
windgeber_ZMW,1698861629000000000,4.4
windgeber_ZMW,1698862229000000000,4.3
windgeber_ZMW,1698862829000000000,4.1
windgeber_ZMW,1698863429000000000,4.2
windgeber_ZMW,1698864029000000000,4.6
windgeber_ZMW,1698864629000000000,4.4
windgeber_ZMW,1698865229000000000,4.5
windgeber_ZMW,1698865829000000000,5
windgeber_ZMW,1698866429000000000,5.1
windgeber_ZMW,1698867029000000000,4.2
windgeber_ZMW,1698867629000000000,4.6
windgeber_ZMW,1698868229000000000,4.8
windgeber_ZMW,1698868829000000000,4.6
windgeber_ZMW,1698869429000000000,5
windgeber_ZMW,1698870029000000000,4.7
windgeber_ZMW,1698870629000000000,4.8
windgeber_ZMW,1698871229000000000,5.3
windgeber_ZMW,1698871829000000000,5.4
windgeber_ZMW,1698872429000000000,6.1
windgeber_ZMW,1698873029000000000,5.9
windgeber_ZMW,1698873629000000000,6.5
windgeber_ZMW,1698874229000000000,6.3
windgeber_ZMW,1698874829000000000,6
windgeber_ZMW,1698875429000000000,6.6
windgeber_ZMW,1698876029000000000,5.9
windgeber_ZMW,1698876629000000000,6.2
windgeber_ZMW,1698877229000000000,6.1
windgeber_ZMW,1698877829000000000,6.5
windgeber_ZMW,1698878429000000000,5.9
windgeber_ZMW,1698879029000000000,6.2
windgeber_ZMW,1698879629000000000,5.9
windgeber_ZMW,1698880229000000000,5.9
windgeber_ZMW,1698880829000000000,5.9
windgeber_ZMW,1698881429000000000,6.3
windgeber_ZMW,1698882029000000000,6.6
windgeber_ZMW,1698882629000000000,6
windgeber_ZMW,1698883229000000000,5.9
windgeber_ZMW,1698883829000000000,5.5
windgeber_ZMW,1698884429000000000,5.9
windgeber_ZMW,1698885029000000000,6.5
windgeber_ZMW,1698885629000000000,6.7
windgeber_ZMW,1698886229000000000,6.2
windgeber_ZMW,1698886829000000000,6
windgeber_ZMW,1698887429000000000,6.1
windgeber_ZMW,1698888029000000000,6.2
windgeber_ZMW,1698888629000000000,5.2
windgeber_ZMW,1698889229000000000,5.3
windgeber_ZMW,1698889829000000000,5.8
windgeber_ZMW,1698890429000000000,5.5
windgeber_ZMW,1698891029000000000,4.6
windgeber_ZMW,1698891629000000000,4.5
windgeber_ZMW,1698892229000000000,5
windgeber_ZMW,1698892829000000000,4.4
windgeber_ZMW,1698893429000000000,4.9
windgeber_ZMW,1698894029000000000,5.1
windgeber_ZMW,1698894629000000000,5
windgeber_ZMW,1698895229000000000,4.4
windgeber_ZMW,1698895829000000000,4.4
windgeber_ZMW,1698896429000000000,4
windgeber_ZMW,1698897029000000000,4.3
windgeber_ZMW,1698897629000000000,4.6
windgeber_ZMW,1698898229000000000,4.6
windgeber_ZMW,1698898829000000000,4.6
windgeber_ZMW,1698899429000000000,4.1
windgeber_ZMW,1698900029000000000,3.6
windgeber_ZMW,1698900629000000000,4.3
windgeber_ZMW,1698901229000000000,3.9
windgeber_ZMW,1698901829000000000,4
windgeber_ZMW,1698902429000000000,3.9
windgeber_ZMW,1698903029000000000,3.8
windgeber_ZMW,1698903629000000000,3.7
windgeber_ZMW,1698904229000000000,4.1
windgeber_ZMW,1698904829000000000,4.4
windgeber_ZMW,1698905429000000000,4.2
windgeber_ZMW,1698906029000000000,4.5
windgeber_ZMW,1698906629000000000,4.5
windgeber_ZMW,1698907229000000000,4
windgeber_ZMW,1698907829000000000,3.9
windgeber_ZMW,1698908429000000000,4.2
windgeber_ZMW,1698909029000000000,4.4
windgeber_ZMW,1698909629000000000,4.6
windgeber_ZMW,1698910229000000000,4.3
windgeber_ZMW,1698910829000000000,3.9
windgeber_ZMW,1698911429000000000,4.5
windgeber_ZMW,1698912029000000000,4.7
windgeber_ZMW,1698912629000000000,5.1
windgeber_ZMW,1698913229000000000,5.1
windgeber_ZMW,1698913829000000000,4.5
windgeber_ZMW,1698914429000000000,4.5
windgeber_ZMW,1698915029000000000,5.1
windgeber_ZMW,1698915629000000000,6.2
windgeber_ZMW,1698916229000000000,6
windgeber_ZMW,1698916829000000000,5.7
windgeber_ZMW,1698917429000000000,5.3
windgeber_ZMW,1698918029000000000,5.5
windgeber_ZMW,1698918629000000000,5.5
windgeber_ZMW,1698919229000000000,5.2
windgeber_ZMW,1698919829000000000,5.8
windgeber_ZMW,1698920429000000000,6.1
windgeber_ZMW,1698921029000000000,5.5
windgeber_ZMW,1698921629000000000,6.8
windgeber_ZMW,1698922229000000000,6.9
windgeber_ZMW,1698922829000000000,5.8
windgeber_ZMW,1698923429000000000,5.1
windgeber_ZMW,1698924029000000000,3.7
windgeber_ZMW,1698924629000000000,2.8
windgeber_ZMW,1698925229000000000,3.8
windgeber_ZMW,1698925829000000000,4.2
windgeber_ZMW,1698926429000000000,4.5
windgeber_ZMW,1698927029000000000,4.9
windgeber_ZMW,1698927629000000000,4.6
windgeber_ZMW,1698928229000000000,4.4
windgeber_ZMW,1698928829000000000,4.8
windgeber_ZMW,1698929429000000000,5.3
windgeber_ZMW,1698930029000000000,5.8
windgeber_ZMW,1698930629000000000,5.6
windgeber_ZMW,1698931229000000000,5.8
windgeber_ZMW,1698931829000000000,5.3
windgeber_ZMW,1698932429000000000,0.8
windgeber_ZMW,1698933029000000000,5.4
windgeber_ZMW,1698933629000000000,5.4
windgeber_ZMW,1698934229000000000,5.5
windgeber_ZMW,1698934829000000000,5.4
windgeber_ZMW,1698935429000000000,5.1
windgeber_ZMW,1698936029000000000,5.3
windgeber_ZMW,1698936629000000000,5.7
windgeber_ZMW,1698937229000000000,5.5
windgeber_ZMW,1698937829000000000,5.8
windgeber_ZMW,1698938429000000000,5.7
windgeber_ZMW,1698939029000000000,5.7
windgeber_ZMW,1698939629000000000,5.6
windgeber_ZMW,1698940229000000000,5.7
windgeber_ZMW,1698940829000000000,6.1
windgeber_ZMW,1698941429000000000,5.8
windgeber_ZMW,1698942029000000000,5.4
windgeber_ZMW,1698942629000000000,5.5
windgeber_ZMW,1698943229000000000,5.9
windgeber_ZMW,1698943829000000000,6.1
windgeber_ZMW,1698944429000000000,5.9
windgeber_ZMW,1698945029000000000,6.4
windgeber_ZMW,1698945629000000000,6.2
windgeber_ZMW,1698946229000000000,6
windgeber_ZMW,1698946829000000000,5.8
windgeber_ZMW,1698947429000000000,6
windgeber_ZMW,1698948029000000000,5.8
windgeber_ZMW,1698948629000000000,6.2
windgeber_ZMW,1698949229000000000,6.4
windgeber_ZMW,1698949829000000000,5.9
windgeber_ZMW,1698950429000000000,6.1
windgeber_ZMW,1698951029000000000,6.7
windgeber_ZMW,1698951629000000000,6.3
windgeber_ZMW,1698952229000000000,6.7
windgeber_ZMW,1698952829000000000,5.9
windgeber_ZMW,1698953429000000000,6.3
windgeber_ZMW,1698954029000000000,5.9
windgeber_ZMW,1698954629000000000,6
windgeber_ZMW,1698955229000000000,5.3
windgeber_ZMW,1698955829000000000,4.7
windgeber_ZMW,1698956429000000000,4.2
windgeber_ZMW,1698957029000000000,2.2
windgeber_ZMW,1698957629000000000,3.7
windgeber_ZMW,1698958229000000000,4.8
windgeber_ZMW,1698958829000000000,4.9
windgeber_ZMW,1698959429000000000,4.7
windgeber_ZMW,1698960029000000000,4.8
windgeber_ZMW,1698960629000000000,4
windgeber_ZMW,1698961229000000000,3.9
windgeber_ZMW,1698961829000000000,4
windgeber_ZMW,1698962429000000000,4.7
windgeber_ZMW,1698963029000000000,5
windgeber_ZMW,1698963629000000000,4.3
windgeber_ZMW,1698964229000000000,4.9
windgeber_ZMW,1698964829000000000,5.4
windgeber_ZMW,1698965429000000000,5
windgeber_ZMW,1698966029000000000,5
windgeber_ZMW,1698966629000000000,5.5
windgeber_ZMW,1698967229000000000,4.8
windgeber_ZMW,1698967829000000000,5.1
windgeber_ZMW,1698968429000000000,4.9
windgeber_ZMW,1698969029000000000,4.7
windgeber_ZMW,1698969629000000000,4.7
windgeber_ZMW,1698970229000000000,5.1
windgeber_ZMW,1698970829000000000,4.8
windgeber_ZMW,1698971429000000000,5
windgeber_ZMW,1698972029000000000,4
windgeber_ZMW,1698972629000000000,3.7
windgeber_ZMW,1698973229000000000,3.6
windgeber_ZMW,1698973829000000000,4.4
windgeber_ZMW,1698974429000000000,3.8
windgeber_ZMW,1698975029000000000,3.7
windgeber_ZMW,1698975629000000000,4.3
windgeber_ZMW,1698976229000000000,4
windgeber_ZMW,1698976829000000000,3.2
windgeber_ZMW,1698977429000000000,2.3
windgeber_ZMW,1698978029000000000,1.9
windgeber_ZMW,1698978629000000000,1.8
windgeber_ZMW,1698979229000000000,2.2
windgeber_ZMW,1698979829000000000,1.9
windgeber_ZMW,1698980429000000000,2.9
windgeber_ZMW,1698981029000000000,3.7
windgeber_ZMW,1698981629000000000,3.5
windgeber_ZMW,1698982229000000000,3.6
windgeber_ZMW,1698982829000000000,3.3
windgeber_ZMW,1698983429000000000,3.5
windgeber_ZMW,1698984029000000000,3.2
windgeber_ZMW,1698984629000000000,3.4
windgeber_ZMW,1698985229000000000,3.6
windgeber_ZMW,1698985829000000000,2.8
windgeber_ZMW,1698986429000000000,2.3
windgeber_ZMW,1698987029000000000,2.2
windgeber_ZMW,1698987629000000000,2.2
windgeber_ZMW,1698988229000000000,2.9
windgeber_ZMW,1698988829000000000,2.9
windgeber_ZMW,1698989429000000000,2.5
windgeber_ZMW,1698990029000000000,1.9
windgeber_ZMW,1698990629000000000,2.5
windgeber_ZMW,1698991229000000000,2.1
windgeber_ZMW,1698991829000000000,2
windgeber_ZMW,1698992429000000000,1.7
windgeber_ZMW,1698993029000000000,2.2
windgeber_ZMW,1698993629000000000,2.1
windgeber_ZMW,1698994229000000000,2.5
windgeber_ZMW,1698994829000000000,2.3
windgeber_ZMW,1698995429000000000,1.9
windgeber_ZMW,1698996029000000000,1.6
windgeber_ZMW,1698996629000000000,1.4
windgeber_ZMW,1698997229000000000,1.3
windgeber_ZMW,1698997829000000000,2
windgeber_ZMW,1698998429000000000,2.7
windgeber_ZMW,1698999029000000000,3.4
windgeber_ZMW,1698999629000000000,3.6
windgeber_ZMW,1699000229000000000,3.1
windgeber_ZMW,1699000829000000000,1.6
windgeber_ZMW,1699001429000000000,1.2
windgeber_ZMW,1699002029000000000,1.5
windgeber_ZMW,1699002629000000000,2
windgeber_ZMW,1699003229000000000,1.1
windgeber_ZMW,1699003829000000000,1.2
windgeber_ZMW,1699004429000000000,1.4
windgeber_ZMW,1699005029000000000,1.6
windgeber_ZMW,1699005629000000000,2.6
windgeber_ZMW,1699006229000000000,2.6
windgeber_ZMW,1699006829000000000,2.5
windgeber_ZMW,1699007429000000000,2.9
windgeber_ZMW,1699008029000000000,2.3
windgeber_ZMW,1699008629000000000,2
windgeber_ZMW,1699009229000000000,1.6
windgeber_ZMW,1699009829000000000,1.5
windgeber_ZMW,1699010429000000000,1.6
windgeber_ZMW,1699011029000000000,1.4
windgeber_ZMW,1699011629000000000,1.3
windgeber_ZMW,1699012229000000000,1.9
windgeber_ZMW,1699012829000000000,2
windgeber_ZMW,1699013429000000000,1.9
windgeber_ZMW,1699014029000000000,1.7
windgeber_ZMW,1699014629000000000,1.6
windgeber_ZMW,1699015229000000000,2.2
windgeber_ZMW,1699015829000000000,3.1
windgeber_ZMW,1699016429000000000,3.2
windgeber_ZMW,1699017029000000000,2.7
windgeber_ZMW,1699017629000000000,2.3
windgeber_ZMW,1699018229000000000,1.6
windgeber_ZMW,1699018829000000000,1.3
windgeber_ZMW,1699019429000000000,0.5
windgeber_ZMW,1699020029000000000,0
windgeber_ZMW,1699020629000000000,0.1
windgeber_ZMW,1699021229000000000,0.3
windgeber_ZMW,1699021829000000000,1.1
windgeber_ZMW,1699022429000000000,1.3
windgeber_ZMW,1699023029000000000,1.6
windgeber_ZMW,1699023629000000000,1.9
windgeber_ZMW,1699024229000000000,2
windgeber_ZMW,1699024829000000000,2
windgeber_ZMW,1699025429000000000,1.6
windgeber_ZMW,1699026029000000000,0.3
windgeber_ZMW,1699026629000000000,0.4
windgeber_ZMW,1699027229000000000,0.1
windgeber_ZMW,1699027829000000000,0.4
windgeber_ZMW,1699028429000000000,0.3
windgeber_ZMW,1699029029000000000,0.2
windgeber_ZMW,1699029629000000000,0.3
windgeber_ZMW,1699030229000000000,0.5
windgeber_ZMW,1699030829000000000,0.6
windgeber_ZMW,1699031429000000000,0.2
windgeber_ZMW,1699032029000000000,0.1
windgeber_ZMW,1699032629000000000,2.2
windgeber_ZMW,1699033229000000000,3
windgeber_ZMW,1699033829000000000,2.9
windgeber_ZMW,1699034429000000000,3.1
windgeber_ZMW,1699035029000000000,3.7
windgeber_ZMW,1699035629000000000,4.1
windgeber_ZMW,1699036229000000000,4.2
windgeber_ZMW,1699036829000000000,1.8
windgeber_ZMW,1699037429000000000,2.6
windgeber_ZMW,1699038029000000000,2.7
windgeber_ZMW,1699038629000000000,3
windgeber_ZMW,1699039229000000000,3.4
windgeber_ZMW,1699039829000000000,3.8
windgeber_ZMW,1699040429000000000,4.2
windgeber_ZMW,1699041029000000000,3.9
windgeber_ZMW,1699041629000000000,4.9
windgeber_ZMW,1699042229000000000,4.4
windgeber_ZMW,1699042829000000000,4.5
windgeber_ZMW,1699043429000000000,4.7
windgeber_ZMW,1699044029000000000,4.3
windgeber_ZMW,1699044629000000000,3.7
windgeber_ZMW,1699045229000000000,1.8
windgeber_ZMW,1699045829000000000,2.1
windgeber_ZMW,1699046429000000000,3.7
windgeber_ZMW,1699047029000000000,3.4
windgeber_ZMW,1699047629000000000,3.1
windgeber_ZMW,1699048229000000000,3.3
windgeber_ZMW,1699048829000000000,3.6
windgeber_ZMW,1699049429000000000,3.3
windgeber_ZMW,1699050029000000000,3.8
windgeber_ZMW,1699050629000000000,4.2
windgeber_ZMW,1699051229000000000,4.1
windgeber_ZMW,1699051829000000000,4.4
windgeber_ZMW,1699052429000000000,4.8
windgeber_ZMW,1699053029000000000,5
windgeber_ZMW,1699053629000000000,5.2
windgeber_ZMW,1699054229000000000,4.8
windgeber_ZMW,1699054829000000000,4.5
windgeber_ZMW,1699055429000000000,4.3
windgeber_ZMW,1699056029000000000,5.5
windgeber_ZMW,1699056629000000000,5.3
windgeber_ZMW,1699057229000000000,5.2
windgeber_ZMW,1699057829000000000,4.7
windgeber_ZMW,1699058429000000000,5.5
windgeber_ZMW,1699059029000000000,5.5
windgeber_ZMW,1699059629000000000,5.1
windgeber_ZMW,1699060229000000000,4.6
windgeber_ZMW,1699060829000000000,5.1
windgeber_ZMW,1699061429000000000,4.6
windgeber_ZMW,1699062029000000000,5.2
windgeber_ZMW,1699062629000000000,5.8
windgeber_ZMW,1699063229000000000,6.3
windgeber_ZMW,1699063829000000000,7.3
windgeber_ZMW,1699064429000000000,6.3
windgeber_ZMW,1699065029000000000,5.6
windgeber_ZMW,1699065629000000000,5.3
windgeber_ZMW,1699066229000000000,5.5
windgeber_ZMW,1699066829000000000,5.3
windgeber_ZMW,1699067429000000000,5.9
windgeber_ZMW,1699068029000000000,5.2
windgeber_ZMW,1699068629000000000,3.7
windgeber_ZMW,1699069229000000000,4.3
windgeber_ZMW,1699069829000000000,4.6
windgeber_ZMW,1699070429000000000,5
windgeber_ZMW,1699071029000000000,4.3
windgeber_ZMW,1699071629000000000,3.4
windgeber_ZMW,1699072229000000000,3.2
windgeber_ZMW,1699072829000000000,2.8
windgeber_ZMW,1699073429000000000,3.3
windgeber_ZMW,1699074029000000000,4.3
windgeber_ZMW,1699074629000000000,5.3
windgeber_ZMW,1699075229000000000,5.1
windgeber_ZMW,1699075829000000000,4.9
windgeber_ZMW,1699076429000000000,4.7
windgeber_ZMW,1699077029000000000,4.6
windgeber_ZMW,1699077629000000000,4.2
windgeber_ZMW,1699078229000000000,3.7
windgeber_ZMW,1699078829000000000,3.5
windgeber_ZMW,1699079429000000000,3.2
windgeber_ZMW,1699080029000000000,2.9
windgeber_ZMW,1699080629000000000,3.1
windgeber_ZMW,1699081229000000000,3.5
windgeber_ZMW,1699081829000000000,3.7
windgeber_ZMW,1699082429000000000,3.5
windgeber_ZMW,1699083029000000000,3.6
windgeber_ZMW,1699083629000000000,3.5
windgeber_ZMW,1699084229000000000,3.5
windgeber_ZMW,1699084829000000000,3.4
windgeber_ZMW,1699085429000000000,3.8
windgeber_ZMW,1699086029000000000,4
windgeber_ZMW,1699086629000000000,4.3
windgeber_ZMW,1699087229000000000,3.5
windgeber_ZMW,1699087829000000000,3.6
windgeber_ZMW,1699088429000000000,3.7
windgeber_ZMW,1699089029000000000,3.5
windgeber_ZMW,1699089629000000000,3.3
windgeber_ZMW,1699090229000000000,3.5
windgeber_ZMW,1699090829000000000,4
windgeber_ZMW,1699091429000000000,3.9
windgeber_ZMW,1699092029000000000,4.7
windgeber_ZMW,1699092629000000000,6
windgeber_ZMW,1699093229000000000,5.2
windgeber_ZMW,1699093829000000000,4.8
windgeber_ZMW,1699094429000000000,4.6
windgeber_ZMW,1699095029000000000,4.4
windgeber_ZMW,1699095629000000000,4.3
windgeber_ZMW,1699096229000000000,5.5
windgeber_ZMW,1699096829000000000,4.6
windgeber_ZMW,1699097429000000000,4.9
windgeber_ZMW,1699098029000000000,4.7
windgeber_ZMW,1699098629000000000,4.9
windgeber_ZMW,1699099229000000000,5.2
windgeber_ZMW,1699099829000000000,4.9
windgeber_ZMW,1699100429000000000,5.9
windgeber_ZMW,1699101029000000000,4.8
windgeber_ZMW,1699101629000000000,3.9
windgeber_ZMW,1699102229000000000,4.1
windgeber_ZMW,1699102829000000000,5.7
windgeber_ZMW,1699103429000000000,5.9
windgeber_ZMW,1699104029000000000,6.7
windgeber_ZMW,1699104629000000000,6.6
windgeber_ZMW,1699105229000000000,6.9
windgeber_ZMW,1699105829000000000,7.3
windgeber_ZMW,1699106429000000000,6.3
windgeber_ZMW,1699107029000000000,5.6
windgeber_ZMW,1699107629000000000,6
windgeber_ZMW,1699108229000000000,5.9
windgeber_ZMW,1699108829000000000,6.1
windgeber_ZMW,1699109429000000000,6.3
windgeber_ZMW,1699110029000000000,5.9
windgeber_ZMW,1699110629000000000,6.1
windgeber_ZMW,1699111229000000000,6.3
windgeber_ZMW,1699111829000000000,5.5
windgeber_ZMW,1699112429000000000,4.9
windgeber_ZMW,1699113029000000000,5.1
windgeber_ZMW,1699113629000000000,4.8
windgeber_ZMW,1699114229000000000,4.4
windgeber_ZMW,1699114829000000000,4.8
windgeber_ZMW,1699115429000000000,4.5
windgeber_ZMW,1699116029000000000,4.5
windgeber_ZMW,1699116629000000000,4.8
windgeber_ZMW,1699117229000000000,4.7
windgeber_ZMW,1699117829000000000,5
windgeber_ZMW,1699118429000000000,4.9
windgeber_ZMW,1699119029000000000,5
windgeber_ZMW,1699119629000000000,5.5
windgeber_ZMW,1699120229000000000,5.8
windgeber_ZMW,1699120829000000000,6.3
windgeber_ZMW,1699121429000000000,6
windgeber_ZMW,1699122029000000000,5.7
windgeber_ZMW,1699122629000000000,6.2
windgeber_ZMW,1699123229000000000,6.5
windgeber_ZMW,1699123829000000000,6.2
windgeber_ZMW,1699124429000000000,6.2
windgeber_ZMW,1699125029000000000,5.9
windgeber_ZMW,1699125629000000000,6.2
windgeber_ZMW,1699126229000000000,5.8
windgeber_ZMW,1699126829000000000,6.2
windgeber_ZMW,1699127429000000000,6
windgeber_ZMW,1699128029000000000,6
windgeber_ZMW,1699128629000000000,6.3
windgeber_ZMW,1699129229000000000,6.2
windgeber_ZMW,1699129829000000000,6.2
windgeber_ZMW,1699130429000000000,5.6
windgeber_ZMW,1699131029000000000,6
windgeber_ZMW,1699131629000000000,6
windgeber_ZMW,1699132229000000000,5.6
windgeber_ZMW,1699132829000000000,5.4
windgeber_ZMW,1699133429000000000,6.1
windgeber_ZMW,1699134029000000000,6.8
windgeber_ZMW,1699134629000000000,7.4
windgeber_ZMW,1699135229000000000,7
windgeber_ZMW,1699135829000000000,6.8
windgeber_ZMW,1699136429000000000,5.9
windgeber_ZMW,1699137029000000000,5.2
windgeber_ZMW,1699137629000000000,4.7
windgeber_ZMW,1699138229000000000,4.9
windgeber_ZMW,1699138829000000000,5.3
windgeber_ZMW,1699139429000000000,5.2
windgeber_ZMW,1699140029000000000,6
windgeber_ZMW,1699140629000000000,6.4
windgeber_ZMW,1699141229000000000,6.4
windgeber_ZMW,1699141829000000000,6.1
windgeber_ZMW,1699142429000000000,6.1
windgeber_ZMW,1699143029000000000,5.8
windgeber_ZMW,1699143629000000000,6
windgeber_ZMW,1699144229000000000,5.8
windgeber_ZMW,1699144829000000000,5.9
windgeber_ZMW,1699145429000000000,5.9
windgeber_ZMW,1699146029000000000,5.7
windgeber_ZMW,1699146629000000000,6
windgeber_ZMW,1699147229000000000,5.9
windgeber_ZMW,1699147829000000000,6
windgeber_ZMW,1699148429000000000,6.3
windgeber_ZMW,1699149029000000000,6.3
windgeber_ZMW,1699149629000000000,6.3
windgeber_ZMW,1699150229000000000,5.9
windgeber_ZMW,1699150829000000000,5.9
windgeber_ZMW,1699151429000000000,6.4
windgeber_ZMW,1699152029000000000,6.2
windgeber_ZMW,1699152629000000000,6.3
windgeber_ZMW,1699153229000000000,6.7
windgeber_ZMW,1699153829000000000,7.4
windgeber_ZMW,1699154429000000000,6.8
windgeber_ZMW,1699155029000000000,6.9
windgeber_ZMW,1699155629000000000,6.7
windgeber_ZMW,1699156229000000000,6.6
windgeber_ZMW,1699156829000000000,6.4
windgeber_ZMW,1699157429000000000,6.2
windgeber_ZMW,1699158029000000000,6.7
windgeber_ZMW,1699158629000000000,6.5
windgeber_ZMW,1699159229000000000,6.9
windgeber_ZMW,1699159829000000000,7
windgeber_ZMW,1699160429000000000,7
windgeber_ZMW,1699161029000000000,7.3
windgeber_ZMW,1699161629000000000,7.1
windgeber_ZMW,1699162229000000000,6.4
windgeber_ZMW,1699162829000000000,6.6
windgeber_ZMW,1699163429000000000,6.6
windgeber_ZMW,1699164029000000000,6.3
windgeber_ZMW,1699164629000000000,5.7
windgeber_ZMW,1699165229000000000,5.8
windgeber_ZMW,1699165829000000000,5.5
windgeber_ZMW,1699166429000000000,6.1
windgeber_ZMW,1699167029000000000,6.2
windgeber_ZMW,1699167629000000000,5.5
windgeber_ZMW,1699168229000000000,6.1
windgeber_ZMW,1699168829000000000,6.2
windgeber_ZMW,1699169429000000000,6.8
windgeber_ZMW,1699170029000000000,6.9
windgeber_ZMW,1699170629000000000,6.5
windgeber_ZMW,1699171229000000000,6.5
windgeber_ZMW,1699171829000000000,6.5
windgeber_ZMW,1699172429000000000,7.2
windgeber_ZMW,1699173029000000000,6.5
windgeber_ZMW,1699173629000000000,6.4
windgeber_ZMW,1699174229000000000,6.2
windgeber_ZMW,1699174829000000000,6.1
windgeber_ZMW,1699175429000000000,7.2
windgeber_ZMW,1699176029000000000,7.4
windgeber_ZMW,1699176629000000000,7.2
windgeber_ZMW,1699177229000000000,7.1
windgeber_ZMW,1699177829000000000,7.1
windgeber_ZMW,1699178429000000000,6.8
windgeber_ZMW,1699179029000000000,7.2
windgeber_ZMW,1699179629000000000,7.3
windgeber_ZMW,1699180229000000000,5.9
windgeber_ZMW,1699180829000000000,5.5
windgeber_ZMW,1699181429000000000,6.3
windgeber_ZMW,1699182029000000000,5.3
windgeber_ZMW,1699182629000000000,5.1
windgeber_ZMW,1699183229000000000,4.8
windgeber_ZMW,1699183829000000000,5.2
windgeber_ZMW,1699184429000000000,5.4
windgeber_ZMW,1699185029000000000,5.1
windgeber_ZMW,1699185629000000000,4.9
windgeber_ZMW,1699186229000000000,4.8
windgeber_ZMW,1699186829000000000,4.4
windgeber_ZMW,1699187429000000000,4.4
windgeber_ZMW,1699188029000000000,4.9
windgeber_ZMW,1699188629000000000,4.9
windgeber_ZMW,1699189229000000000,4.5
windgeber_ZMW,1699189829000000000,5.2
windgeber_ZMW,1699190429000000000,4.6
windgeber_ZMW,1699191029000000000,4
windgeber_ZMW,1699191629000000000,4.1
windgeber_ZMW,1699192229000000000,3.8
windgeber_ZMW,1699192829000000000,3.7
windgeber_ZMW,1699193429000000000,2.4
windgeber_ZMW,1699194029000000000,2
windgeber_ZMW,1699194629000000000,3.4
windgeber_ZMW,1699195229000000000,3.7
windgeber_ZMW,1699195829000000000,3.2
windgeber_ZMW,1699196429000000000,3.4
windgeber_ZMW,1699197029000000000,3.7
windgeber_ZMW,1699197629000000000,4.2
windgeber_ZMW,1699198229000000000,3.8
windgeber_ZMW,1699198829000000000,3.6
windgeber_ZMW,1699199429000000000,3.4
windgeber_ZMW,1699200029000000000,3.3
windgeber_ZMW,1699200629000000000,4.2
windgeber_ZMW,1699201229000000000,4
windgeber_ZMW,1699201829000000000,3
windgeber_ZMW,1699202429000000000,2.7
windgeber_ZMW,1699203029000000000,3.3
windgeber_ZMW,1699203629000000000,3.6
windgeber_ZMW,1699204229000000000,3.2
windgeber_ZMW,1699204829000000000,3.6
windgeber_ZMW,1699205429000000000,4.3
windgeber_ZMW,1699206029000000000,3.5
windgeber_ZMW,1699206629000000000,3.9
windgeber_ZMW,1699207229000000000,4
windgeber_ZMW,1699207829000000000,3.9
windgeber_ZMW,1699208429000000000,4.2
windgeber_ZMW,1699209029000000000,4.5
windgeber_ZMW,1699209629000000000,4.9
windgeber_ZMW,1699210229000000000,6.2
windgeber_ZMW,1699210829000000000,7.4
windgeber_ZMW,1699211429000000000,6.3
windgeber_ZMW,1699212029000000000,5.9
windgeber_ZMW,1699212629000000000,6.5
windgeber_ZMW,1699213229000000000,5.6
windgeber_ZMW,1699213829000000000,6.4
windgeber_ZMW,1699214429000000000,7.5
windgeber_ZMW,1699215029000000000,7.8
windgeber_ZMW,1699215629000000000,7.4
windgeber_ZMW,1699216229000000000,7.3
windgeber_ZMW,1699216829000000000,8.4
windgeber_ZMW,1699217429000000000,9.4
windgeber_ZMW,1699218029000000000,9.6
windgeber_ZMW,1699218629000000000,8.5
windgeber_ZMW,1699219229000000000,8.3
windgeber_ZMW,1699219829000000000,8.4
windgeber_ZMW,1699220429000000000,7.7
windgeber_ZMW,1699221029000000000,10.2
windgeber_ZMW,1699221629000000000,10.3
windgeber_ZMW,1699222229000000000,9
windgeber_ZMW,1699222829000000000,7.6
windgeber_ZMW,1699223429000000000,9.5
windgeber_ZMW,1699224029000000000,9.5
windgeber_ZMW,1699224629000000000,9
windgeber_ZMW,1699225229000000000,9.7
windgeber_ZMW,1699225829000000000,9.8
windgeber_ZMW,1699226429000000000,10.4
windgeber_ZMW,1699227029000000000,9.7
windgeber_ZMW,1699227629000000000,9.4
windgeber_ZMW,1699228229000000000,10
windgeber_ZMW,1699228829000000000,10.3
windgeber_ZMW,1699229429000000000,11.2
windgeber_ZMW,1699230029000000000,10.8
windgeber_ZMW,1699230629000000000,11.1
windgeber_ZMW,1699231229000000000,11.6
windgeber_ZMW,1699231829000000000,10.7
windgeber_ZMW,1699232429000000000,11.8
windgeber_ZMW,1699233029000000000,11.7
windgeber_ZMW,1699233629000000000,10.9
windgeber_ZMW,1699234229000000000,11.3
windgeber_ZMW,1699234829000000000,11
windgeber_ZMW,1699235429000000000,10.2
windgeber_ZMW,1699236029000000000,11
windgeber_ZMW,1699236629000000000,10.8
windgeber_ZMW,1699237229000000000,10
windgeber_ZMW,1699237829000000000,10
windgeber_ZMW,1699238429000000000,10.4
windgeber_ZMW,1699239029000000000,10.1
windgeber_ZMW,1699239629000000000,10.4
windgeber_ZMW,1699240229000000000,10.6
windgeber_ZMW,1699240829000000000,10
windgeber_ZMW,1699241429000000000,10.1
windgeber_ZMW,1699242029000000000,9.7
windgeber_ZMW,1699242629000000000,9.5
windgeber_ZMW,1699243229000000000,9.9
windgeber_ZMW,1699243829000000000,10
windgeber_ZMW,1699244429000000000,9.2
windgeber_ZMW,1699245029000000000,9.3
windgeber_ZMW,1699245629000000000,9.1
windgeber_ZMW,1699246229000000000,8.9
windgeber_ZMW,1699246829000000000,8.2
windgeber_ZMW,1699247429000000000,7.9
windgeber_ZMW,1699248029000000000,7.5
windgeber_ZMW,1699248629000000000,7.8
windgeber_ZMW,1699249229000000000,7.9
windgeber_ZMW,1699249829000000000,7.8
windgeber_ZMW,1699250429000000000,7.9
windgeber_ZMW,1699251029000000000,7.6
windgeber_ZMW,1699251629000000000,5.9
windgeber_ZMW,1699252229000000000,6.4
windgeber_ZMW,1699252829000000000,7.2
windgeber_ZMW,1699253429000000000,7.1
windgeber_ZMW,1699254029000000000,6.6
windgeber_ZMW,1699254629000000000,6.7
windgeber_ZMW,1699255229000000000,6.7
windgeber_ZMW,1699255829000000000,6.8
windgeber_ZMW,1699256429000000000,8.1
windgeber_ZMW,1699257029000000000,8.4
windgeber_ZMW,1699257629000000000,8.3
windgeber_ZMW,1699258229000000000,8.4
windgeber_ZMW,1699258829000000000,9.1
windgeber_ZMW,1699259429000000000,9
windgeber_ZMW,1699260029000000000,10
windgeber_ZMW,1699260629000000000,9.8
windgeber_ZMW,1699261229000000000,9.7
windgeber_ZMW,1699261829000000000,9.2
windgeber_ZMW,1699262429000000000,9.5
windgeber_ZMW,1699263029000000000,8.7
windgeber_ZMW,1699263629000000000,9.4
windgeber_ZMW,1699264229000000000,9.1
windgeber_ZMW,1699264829000000000,7.8
windgeber_ZMW,1699265429000000000,8.3
windgeber_ZMW,1699266029000000000,7.6
windgeber_ZMW,1699266629000000000,7.5
windgeber_ZMW,1699267229000000000,7
windgeber_ZMW,1699267829000000000,8
windgeber_ZMW,1699268429000000000,7.8
windgeber_ZMW,1699269029000000000,7.7
windgeber_ZMW,1699269629000000000,7.3
windgeber_ZMW,1699270229000000000,6.9
windgeber_ZMW,1699270829000000000,6.2
windgeber_ZMW,1699271429000000000,8.2
windgeber_ZMW,1699272029000000000,6.9
windgeber_ZMW,1699272629000000000,7.8
windgeber_ZMW,1699273229000000000,7
windgeber_ZMW,1699273829000000000,7.2
windgeber_ZMW,1699274429000000000,7.5
windgeber_ZMW,1699275029000000000,7.7
windgeber_ZMW,1699275629000000000,7.6
windgeber_ZMW,1699276229000000000,7.3
windgeber_ZMW,1699276829000000000,8.1
windgeber_ZMW,1699277429000000000,8.4
windgeber_ZMW,1699278029000000000,7.1
windgeber_ZMW,1699278629000000000,6.2
windgeber_ZMW,1699279229000000000,6
windgeber_ZMW,1699279829000000000,4.9
windgeber_ZMW,1699280429000000000,4.6
windgeber_ZMW,1699281029000000000,4.9
windgeber_ZMW,1699281629000000000,5.5
windgeber_ZMW,1699282229000000000,4.5
windgeber_ZMW,1699282829000000000,5.1
windgeber_ZMW,1699283429000000000,5.2
windgeber_ZMW,1699284029000000000,5.9
windgeber_ZMW,1699284629000000000,4.8
windgeber_ZMW,1699285229000000000,3.7
windgeber_ZMW,1699285829000000000,3.8
windgeber_ZMW,1699286429000000000,4.3
windgeber_ZMW,1699287029000000000,4.1
windgeber_ZMW,1699287629000000000,4.5
windgeber_ZMW,1699288229000000000,5.7
windgeber_ZMW,1699288829000000000,5.5
windgeber_ZMW,1699289429000000000,5.8
windgeber_ZMW,1699290029000000000,5.9
windgeber_ZMW,1699290629000000000,6.6
windgeber_ZMW,1699291229000000000,6.1
windgeber_ZMW,1699291829000000000,5.3
windgeber_ZMW,1699292429000000000,5
windgeber_ZMW,1699293029000000000,4.8
windgeber_ZMW,1699293629000000000,4.1
windgeber_ZMW,1699294229000000000,2.9
windgeber_ZMW,1699294829000000000,1.8
windgeber_ZMW,1699295429000000000,2
windgeber_ZMW,1699296029000000000,2.8
windgeber_ZMW,1699296629000000000,5.1
windgeber_ZMW,1699297229000000000,3.9
windgeber_ZMW,1699297829000000000,2.8
windgeber_ZMW,1699298429000000000,3.5
windgeber_ZMW,1699299029000000000,3.5
windgeber_ZMW,1699299629000000000,4.9
windgeber_ZMW,1699300229000000000,5.2
windgeber_ZMW,1699300829000000000,4.1
windgeber_ZMW,1699301429000000000,3.9
windgeber_ZMW,1699302029000000000,3.2
windgeber_ZMW,1699302629000000000,4.1
windgeber_ZMW,1699303229000000000,4.4
windgeber_ZMW,1699303829000000000,5.2
windgeber_ZMW,1699304429000000000,4.7
windgeber_ZMW,1699305029000000000,3.8
windgeber_ZMW,1699305629000000000,4.1
windgeber_ZMW,1699306229000000000,4.2
windgeber_ZMW,1699306829000000000,4.2
windgeber_ZMW,1699307429000000000,3.9
windgeber_ZMW,1699308029000000000,4.1
windgeber_ZMW,1699308629000000000,4.3
windgeber_ZMW,1699309229000000000,3.9
windgeber_ZMW,1699309829000000000,4.4
windgeber_ZMW,1699310429000000000,4.9
windgeber_ZMW,1699311029000000000,4.9
windgeber_ZMW,1699311629000000000,4.5
windgeber_ZMW,1699312229000000000,4.7
windgeber_ZMW,1699312829000000000,4.5
windgeber_ZMW,1699313429000000000,5
windgeber_ZMW,1699314029000000000,5.2
windgeber_ZMW,1699314629000000000,4.9
windgeber_ZMW,1699315229000000000,5.1
windgeber_ZMW,1699315829000000000,5.3
windgeber_ZMW,1699316429000000000,5.4
windgeber_ZMW,1699317029000000000,5.8
windgeber_ZMW,1699317629000000000,6.1
windgeber_ZMW,1699318229000000000,5.6
windgeber_ZMW,1699318829000000000,5.3
windgeber_ZMW,1699319429000000000,5.5
windgeber_ZMW,1699320029000000000,6.9
windgeber_ZMW,1699320629000000000,7.1
windgeber_ZMW,1699321229000000000,6.1
windgeber_ZMW,1699321829000000000,6.2
windgeber_ZMW,1699322429000000000,5.8
windgeber_ZMW,1699323029000000000,4.9
windgeber_ZMW,1699323629000000000,4.4
windgeber_ZMW,1699324229000000000,4.4
windgeber_ZMW,1699324829000000000,4.6
windgeber_ZMW,1699325429000000000,4.6
windgeber_ZMW,1699326029000000000,4.6
windgeber_ZMW,1699326629000000000,4
windgeber_ZMW,1699327229000000000,4
windgeber_ZMW,1699327829000000000,3.8
windgeber_ZMW,1699328429000000000,3
windgeber_ZMW,1699329029000000000,3.1
windgeber_ZMW,1699329629000000000,3.8
windgeber_ZMW,1699330229000000000,4.4
windgeber_ZMW,1699330829000000000,4.1
windgeber_ZMW,1699331429000000000,4.5
windgeber_ZMW,1699332029000000000,4.7
windgeber_ZMW,1699332629000000000,4.2
windgeber_ZMW,1699333229000000000,5.3
windgeber_ZMW,1699333829000000000,6
windgeber_ZMW,1699334429000000000,5.3
windgeber_ZMW,1699335029000000000,5.4
windgeber_ZMW,1699335629000000000,5.5
windgeber_ZMW,1699336229000000000,5.4
windgeber_ZMW,1699336829000000000,5.8
windgeber_ZMW,1699337429000000000,5
windgeber_ZMW,1699338029000000000,4.4
windgeber_ZMW,1699338629000000000,5
windgeber_ZMW,1699339229000000000,5.3
windgeber_ZMW,1699339829000000000,5.2
windgeber_ZMW,1699340429000000000,5.1
windgeber_ZMW,1699341029000000000,5.1
windgeber_ZMW,1699341629000000000,4.9
windgeber_ZMW,1699342229000000000,4.8
windgeber_ZMW,1699342829000000000,4.7
windgeber_ZMW,1699343429000000000,4.9
windgeber_ZMW,1699344029000000000,5.1
windgeber_ZMW,1699344629000000000,4.6
windgeber_ZMW,1699345229000000000,4.6
windgeber_ZMW,1699345829000000000,4.8
windgeber_ZMW,1699346429000000000,4.7
windgeber_ZMW,1699347029000000000,4.4
windgeber_ZMW,1699347629000000000,5
windgeber_ZMW,1699348229000000000,5.3
windgeber_ZMW,1699348829000000000,5.4
windgeber_ZMW,1699349429000000000,5.8
windgeber_ZMW,1699350029000000000,6.1
windgeber_ZMW,1699350629000000000,6.6
windgeber_ZMW,1699351229000000000,7
windgeber_ZMW,1699351829000000000,6.8
windgeber_ZMW,1699352429000000000,6.9
windgeber_ZMW,1699353029000000000,6.2
windgeber_ZMW,1699353629000000000,6.1
windgeber_ZMW,1699354229000000000,6.1
windgeber_ZMW,1699354829000000000,6.8
windgeber_ZMW,1699355429000000000,6.3
windgeber_ZMW,1699356029000000000,6.9
windgeber_ZMW,1699356629000000000,7
windgeber_ZMW,1699357229000000000,6.1
windgeber_ZMW,1699357829000000000,6.8
windgeber_ZMW,1699358429000000000,5.9
windgeber_ZMW,1699359029000000000,5.9
windgeber_ZMW,1699359629000000000,6.9
windgeber_ZMW,1699360229000000000,5
windgeber_ZMW,1699360829000000000,4.1
windgeber_ZMW,1699361429000000000,4.5
windgeber_ZMW,1699362029000000000,3.7
windgeber_ZMW,1699362629000000000,4.5
windgeber_ZMW,1699363229000000000,4.3
windgeber_ZMW,1699363829000000000,3.8
windgeber_ZMW,1699364429000000000,3.4
windgeber_ZMW,1699365029000000000,4.1
windgeber_ZMW,1699365629000000000,3.7
windgeber_ZMW,1699366229000000000,5.3
windgeber_ZMW,1699366829000000000,4.2
windgeber_ZMW,1699367429000000000,5.2
windgeber_ZMW,1699368029000000000,4.7
windgeber_ZMW,1699368629000000000,4.4
windgeber_ZMW,1699369229000000000,3.3
windgeber_ZMW,1699369829000000000,2.8
windgeber_ZMW,1699370429000000000,1
windgeber_ZMW,1699371029000000000,1.4
windgeber_ZMW,1699371629000000000,1.4
windgeber_ZMW,1699372229000000000,2.1
windgeber_ZMW,1699372829000000000,3.2
windgeber_ZMW,1699373429000000000,3.3
windgeber_ZMW,1699374029000000000,2.7
windgeber_ZMW,1699374629000000000,2.8
windgeber_ZMW,1699375229000000000,2.7
windgeber_ZMW,1699375829000000000,2.8
windgeber_ZMW,1699376429000000000,2.8
windgeber_ZMW,1699377029000000000,2.6
windgeber_ZMW,1699377629000000000,3.4
windgeber_ZMW,1699378229000000000,3.2
windgeber_ZMW,1699378829000000000,3.2
windgeber_ZMW,1699379429000000000,3.2
windgeber_ZMW,1699380029000000000,3.3
windgeber_ZMW,1699380629000000000,2.9
windgeber_ZMW,1699381229000000000,3.4
windgeber_ZMW,1699381829000000000,3.7
windgeber_ZMW,1699382429000000000,4.1
windgeber_ZMW,1699383029000000000,4
windgeber_ZMW,1699383629000000000,4
windgeber_ZMW,1699384229000000000,3.5
windgeber_ZMW,1699384829000000000,3.4
windgeber_ZMW,1699385429000000000,3.9
windgeber_ZMW,1699386029000000000,4.3
windgeber_ZMW,1699386629000000000,4.7
windgeber_ZMW,1699387229000000000,4.6
windgeber_ZMW,1699387829000000000,4.2
windgeber_ZMW,1699388429000000000,3.9
windgeber_ZMW,1699389029000000000,3.9
windgeber_ZMW,1699389629000000000,3.6
windgeber_ZMW,1699390229000000000,3.7
windgeber_ZMW,1699390829000000000,3.7
windgeber_ZMW,1699391429000000000,3.9
windgeber_ZMW,1699392029000000000,3.6
windgeber_ZMW,1699392629000000000,3.8
windgeber_ZMW,1699393229000000000,4.2
windgeber_ZMW,1699393829000000000,5
windgeber_ZMW,1699394429000000000,4.9
windgeber_ZMW,1699395029000000000,4.6
windgeber_ZMW,1699395629000000000,4.5
windgeber_ZMW,1699396229000000000,4.4
windgeber_ZMW,1699396829000000000,4.2
windgeber_ZMW,1699397429000000000,4.4
windgeber_ZMW,1699398029000000000,4.6
windgeber_ZMW,1699398629000000000,4.2
windgeber_ZMW,1699399229000000000,3.6
windgeber_ZMW,1699399829000000000,3.6
windgeber_ZMW,1699400429000000000,3.7
windgeber_ZMW,1699401029000000000,4.2
windgeber_ZMW,1699401629000000000,4
windgeber_ZMW,1699402229000000000,4.2
windgeber_ZMW,1699402829000000000,4.6
windgeber_ZMW,1699403430000000000,4.6
windgeber_ZMW,1699404030000000000,4.7
windgeber_ZMW,1699404630000000000,4.4
windgeber_ZMW,1699405230000000000,4.3
windgeber_ZMW,1699405830000000000,4.5
windgeber_ZMW,1699406430000000000,4.5
windgeber_ZMW,1699407030000000000,4.5
windgeber_ZMW,1699407630000000000,4.8
windgeber_ZMW,1699408230000000000,4.4
windgeber_ZMW,1699408830000000000,4.6
windgeber_ZMW,1699409430000000000,4.8
windgeber_ZMW,1699410030000000000,4.7
windgeber_ZMW,1699410630000000000,5
windgeber_ZMW,1699411230000000000,5
windgeber_ZMW,1699411830000000000,4.7
windgeber_ZMW,1699412430000000000,4.5
windgeber_ZMW,1699413030000000000,4.4
windgeber_ZMW,1699413630000000000,4.6
windgeber_ZMW,1699414230000000000,4.5
windgeber_ZMW,1699414830000000000,4
windgeber_ZMW,1699415430000000000,4.2
windgeber_ZMW,1699416030000000000,4.8
windgeber_ZMW,1699416630000000000,4.3
windgeber_ZMW,1699417230000000000,3.5
windgeber_ZMW,1699417830000000000,3.1
windgeber_ZMW,1699418430000000000,3.5
windgeber_ZMW,1699419030000000000,3.9
windgeber_ZMW,1699419630000000000,4.3
windgeber_ZMW,1699420230000000000,4.2
windgeber_ZMW,1699420830000000000,5
windgeber_ZMW,1699421430000000000,4.8
windgeber_ZMW,1699422030000000000,4.7
windgeber_ZMW,1699422630000000000,4.6
windgeber_ZMW,1699423230000000000,5
windgeber_ZMW,1699423830000000000,4.7
windgeber_ZMW,1699424430000000000,5.4
windgeber_ZMW,1699425030000000000,4.9
windgeber_ZMW,1699425630000000000,5.5
windgeber_ZMW,1699426230000000000,5.4
windgeber_ZMW,1699426830000000000,5.7
windgeber_ZMW,1699427430000000000,5.8
windgeber_ZMW,1699428030000000000,6.4
windgeber_ZMW,1699428630000000000,6.4
windgeber_ZMW,1699429230000000000,6
windgeber_ZMW,1699429830000000000,5.8
windgeber_ZMW,1699430430000000000,6.1
windgeber_ZMW,1699431030000000000,6.2
windgeber_ZMW,1699431630000000000,6.2
windgeber_ZMW,1699432230000000000,5.6
windgeber_ZMW,1699432830000000000,5.7
windgeber_ZMW,1699433430000000000,5.5
windgeber_ZMW,1699434030000000000,6.1
windgeber_ZMW,1699434630000000000,6.6
windgeber_ZMW,1699435230000000000,6.9
windgeber_ZMW,1699435830000000000,7.2
windgeber_ZMW,1699436430000000000,7.4
windgeber_ZMW,1699437030000000000,6.7
windgeber_ZMW,1699437630000000000,6.5
windgeber_ZMW,1699438230000000000,6.5
windgeber_ZMW,1699438830000000000,6.7
windgeber_ZMW,1699439430000000000,6.5
windgeber_ZMW,1699440030000000000,6.5
windgeber_ZMW,1699440630000000000,6.9
windgeber_ZMW,1699441230000000000,6.8
windgeber_ZMW,1699441830000000000,7
windgeber_ZMW,1699442430000000000,6.7
windgeber_ZMW,1699443030000000000,7.8
windgeber_ZMW,1699443630000000000,7.2
windgeber_ZMW,1699444230000000000,7.5
windgeber_ZMW,1699444830000000000,8.3
windgeber_ZMW,1699445430000000000,6.8
windgeber_ZMW,1699446030000000000,5.5
windgeber_ZMW,1699446630000000000,5.1
windgeber_ZMW,1699447230000000000,6
windgeber_ZMW,1699447830000000000,6.7
windgeber_ZMW,1699448863000000000,5.5
windgeber_ZMW,1699449463000000000,5.5
windgeber_ZMW,1699450063000000000,5.5
windgeber_ZMW,1699450588000000000,0
windgeber_ZMW,1699451188000000000,3.8
windgeber_ZMW,1699451788000000000,3.7
windgeber_ZMW,1699452388000000000,4.2
windgeber_ZMW,1699452988000000000,3.8
windgeber_ZMW,1699453588000000000,3.7
windgeber_ZMW,1699454188000000000,3.7
windgeber_ZMW,1699454788000000000,3.7
windgeber_ZMW,1699455388000000000,2.9
windgeber_ZMW,1699455988000000000,3.4
windgeber_ZMW,1699456588000000000,3.1
windgeber_ZMW,1699457188000000000,3.5
windgeber_ZMW,1699457788000000000,3.5
windgeber_ZMW,1699458971000000000,0
windgeber_ZMW,1699459571000000000,3.6
windgeber_ZMW,1699460171000000000,4.4
windgeber_ZMW,1699460771000000000,5
windgeber_ZMW,1699461371000000000,4.8
windgeber_ZMW,1699461971000000000,4.7
windgeber_ZMW,1699462571000000000,4.7
windgeber_ZMW,1699463171000000000,3.7
windgeber_ZMW,1699463771000000000,1.5
windgeber_ZMW,1699464371000000000,2.5
windgeber_ZMW,1699464971000000000,3.1
windgeber_ZMW,1699465571000000000,2.6
windgeber_ZMW,1699466171000000000,2.5
windgeber_ZMW,1699466771000000000,2.2
windgeber_ZMW,1699467371000000000,2.2
windgeber_ZMW,1699467971000000000,2.4
windgeber_ZMW,1699468571000000000,2.7
windgeber_ZMW,1699469171000000000,2.5
windgeber_ZMW,1699469771000000000,2.2
windgeber_ZMW,1699470371000000000,2.6
windgeber_ZMW,1699470971000000000,2.6
windgeber_ZMW,1699471571000000000,3.3
windgeber_ZMW,1699472171000000000,3.1
windgeber_ZMW,1699472771000000000,2.5
windgeber_ZMW,1699473371000000000,2.5
windgeber_ZMW,1699473971000000000,2.6
windgeber_ZMW,1699474571000000000,2.1
windgeber_ZMW,1699475171000000000,2.4
windgeber_ZMW,1699475771000000000,2.3
windgeber_ZMW,1699476371000000000,3
windgeber_ZMW,1699476971000000000,2.8
windgeber_ZMW,1699477571000000000,2.9
windgeber_ZMW,1699478171000000000,2.8
windgeber_ZMW,1699478771000000000,2.3
windgeber_ZMW,1699479371000000000,2.6
windgeber_ZMW,1699479971000000000,2.8
windgeber_ZMW,1699480571000000000,3
windgeber_ZMW,1699481171000000000,2.9
windgeber_ZMW,1699481771000000000,2.9
windgeber_ZMW,1699482371000000000,3.1
windgeber_ZMW,1699482971000000000,3.4
windgeber_ZMW,1699483571000000000,3.5
windgeber_ZMW,1699484171000000000,3.4
windgeber_ZMW,1699484771000000000,3.4
windgeber_ZMW,1699485371000000000,3.9
windgeber_ZMW,1699485971000000000,3.5
windgeber_ZMW,1699486571000000000,3.5
windgeber_ZMW,1699487171000000000,3
windgeber_ZMW,1699487771000000000,3.5
windgeber_ZMW,1699488371000000000,3.4
windgeber_ZMW,1699488971000000000,3.6
windgeber_ZMW,1699489571000000000,3.4
windgeber_ZMW,1699490171000000000,4
windgeber_ZMW,1699490771000000000,4.4
windgeber_ZMW,1699491371000000000,4
windgeber_ZMW,1699491971000000000,4.5
windgeber_ZMW,1699492571000000000,4.3
windgeber_ZMW,1699493171000000000,4.7
windgeber_ZMW,1699493771000000000,4.9
windgeber_ZMW,1699494371000000000,5.1
windgeber_ZMW,1699494971000000000,4.1
windgeber_ZMW,1699495571000000000,4.4
windgeber_ZMW,1699496171000000000,4.7
windgeber_ZMW,1699496771000000000,5.5
windgeber_ZMW,1699497371000000000,5
windgeber_ZMW,1699497971000000000,5.3
windgeber_ZMW,1699498571000000000,5.1
windgeber_ZMW,1699499171000000000,4.7
windgeber_ZMW,1699499771000000000,4.7
windgeber_ZMW,1699500371000000000,4.8
windgeber_ZMW,1699500971000000000,4.5
windgeber_ZMW,1699501571000000000,4.3
windgeber_ZMW,1699502171000000000,4.6
windgeber_ZMW,1699502771000000000,4.7
windgeber_ZMW,1699503371000000000,5.5
windgeber_ZMW,1699503971000000000,5.3
windgeber_ZMW,1699504571000000000,6.4
windgeber_ZMW,1699505171000000000,6.3
windgeber_ZMW,1699505771000000000,6.6
windgeber_ZMW,1699506371000000000,6.6
windgeber_ZMW,1699506971000000000,6.6
windgeber_ZMW,1699507571000000000,6.5
windgeber_ZMW,1699508171000000000,6.7
windgeber_ZMW,1699508771000000000,6.8
windgeber_ZMW,1699509371000000000,6.8
windgeber_ZMW,1699509971000000000,6.4
windgeber_ZMW,1699510571000000000,6.5
windgeber_ZMW,1699511171000000000,6.7
windgeber_ZMW,1699511771000000000,7.2
windgeber_ZMW,1699512371000000000,6.9
windgeber_ZMW,1699512971000000000,6.4
windgeber_ZMW,1699513571000000000,5.5
windgeber_ZMW,1699514171000000000,6
windgeber_ZMW,1699514771000000000,6.7
windgeber_ZMW,1699515371000000000,6.5
windgeber_ZMW,1699515971000000000,6.3
windgeber_ZMW,1699516571000000000,6.3
windgeber_ZMW,1699517171000000000,5.9
windgeber_ZMW,1699517771000000000,6.1
windgeber_ZMW,1699518371000000000,6
windgeber_ZMW,1699518971000000000,5.9
windgeber_ZMW,1699519571000000000,5.6
windgeber_ZMW,1699520171000000000,6.1
windgeber_ZMW,1699520771000000000,5.1
windgeber_ZMW,1699521371000000000,5.2
windgeber_ZMW,1699521971000000000,5
windgeber_ZMW,1699522571000000000,5
windgeber_ZMW,1699523171000000000,4.6
windgeber_ZMW,1699523771000000000,5.4
windgeber_ZMW,1699524371000000000,4.7
windgeber_ZMW,1699524971000000000,4.9
windgeber_ZMW,1699525571000000000,4.9
windgeber_ZMW,1699526171000000000,4.8
windgeber_ZMW,1699526771000000000,4.4
windgeber_ZMW,1699527371000000000,4.5
windgeber_ZMW,1699527971000000000,4.9
windgeber_ZMW,1699528571000000000,4.7
windgeber_ZMW,1699529171000000000,4.3
windgeber_ZMW,1699529771000000000,5
windgeber_ZMW,1699530371000000000,4.9
windgeber_ZMW,1699530971000000000,5.4
windgeber_ZMW,1699531571000000000,8.4
windgeber_ZMW,1699532171000000000,7.2
windgeber_ZMW,1699532771000000000,7.9
windgeber_ZMW,1699533371000000000,6.5
windgeber_ZMW,1699533971000000000,4.4
windgeber_ZMW,1699534571000000000,4.8
windgeber_ZMW,1699535171000000000,4.4
windgeber_ZMW,1699535771000000000,4.4
windgeber_ZMW,1699536371000000000,4.3
windgeber_ZMW,1699536971000000000,4.9
windgeber_ZMW,1699537571000000000,5
windgeber_ZMW,1699538171000000000,5.2
windgeber_ZMW,1699538771000000000,5.5
windgeber_ZMW,1699539371000000000,5.4
windgeber_ZMW,1699539971000000000,6.1
windgeber_ZMW,1699540571000000000,5.2
windgeber_ZMW,1699541171000000000,3.8
windgeber_ZMW,1699541771000000000,3.2
windgeber_ZMW,1699542371000000000,3.3
windgeber_ZMW,1699542971000000000,2.8
windgeber_ZMW,1699543571000000000,2.9
windgeber_ZMW,1699544171000000000,3.1
windgeber_ZMW,1699544771000000000,3.2
windgeber_ZMW,1699545371000000000,4
windgeber_ZMW,1699545971000000000,6.5
windgeber_ZMW,1699546571000000000,6.2
windgeber_ZMW,1699547171000000000,5.1
windgeber_ZMW,1699547771000000000,3.6
windgeber_ZMW,1699548371000000000,2.5
windgeber_ZMW,1699548971000000000,2.5
windgeber_ZMW,1699549571000000000,3.1
windgeber_ZMW,1699550171000000000,3.4
windgeber_ZMW,1699550771000000000,3.8
windgeber_ZMW,1699551371000000000,4.2
windgeber_ZMW,1699551971000000000,4.9
windgeber_ZMW,1699552571000000000,4.7
windgeber_ZMW,1699553171000000000,4
windgeber_ZMW,1699553771000000000,4
windgeber_ZMW,1699554371000000000,3.7
windgeber_ZMW,1699554971000000000,4
windgeber_ZMW,1699555571000000000,4.3
windgeber_ZMW,1699556171000000000,4
windgeber_ZMW,1699556771000000000,3.9
windgeber_ZMW,1699557371000000000,3.8
windgeber_ZMW,1699557971000000000,3.3
windgeber_ZMW,1699558571000000000,3.3
windgeber_ZMW,1699559171000000000,3.7
windgeber_ZMW,1699559771000000000,3.4
windgeber_ZMW,1699560371000000000,3.7
windgeber_ZMW,1699560971000000000,3.6
windgeber_ZMW,1699561571000000000,3.5
windgeber_ZMW,1699562171000000000,3.1
windgeber_ZMW,1699562771000000000,3.4
windgeber_ZMW,1699563371000000000,3.7
windgeber_ZMW,1699563971000000000,4.3
windgeber_ZMW,1699564571000000000,4.4
windgeber_ZMW,1699565171000000000,4.1
windgeber_ZMW,1699565771000000000,4
windgeber_ZMW,1699566371000000000,4.5
windgeber_ZMW,1699566971000000000,4.9
windgeber_ZMW,1699567571000000000,4.4
windgeber_ZMW,1699568171000000000,4.6
windgeber_ZMW,1699568771000000000,4.9
windgeber_ZMW,1699569371000000000,5.4
windgeber_ZMW,1699569971000000000,5.4
windgeber_ZMW,1699570571000000000,5.8
windgeber_ZMW,1699571171000000000,5.9
windgeber_ZMW,1699571771000000000,5.7
windgeber_ZMW,1699572371000000000,5.7
windgeber_ZMW,1699572971000000000,5.1
windgeber_ZMW,1699573571000000000,4.5
windgeber_ZMW,1699574171000000000,4.7
windgeber_ZMW,1699574771000000000,4.7
windgeber_ZMW,1699575371000000000,4.7
windgeber_ZMW,1699575971000000000,4.4
windgeber_ZMW,1699576571000000000,4.5
windgeber_ZMW,1699577171000000000,3.8
windgeber_ZMW,1699577771000000000,4.4
windgeber_ZMW,1699578371000000000,4.5
windgeber_ZMW,1699578971000000000,4.7
windgeber_ZMW,1699579571000000000,5.4
windgeber_ZMW,1699580171000000000,5.6
windgeber_ZMW,1699580771000000000,6
windgeber_ZMW,1699581371000000000,5.6
windgeber_ZMW,1699581971000000000,5.7
windgeber_ZMW,1699582571000000000,5.9
windgeber_ZMW,1699583171000000000,5.7
windgeber_ZMW,1699583771000000000,5.6
windgeber_ZMW,1699584371000000000,5.4
windgeber_ZMW,1699584971000000000,5.5
windgeber_ZMW,1699585571000000000,6.3
windgeber_ZMW,1699586171000000000,5.8
windgeber_ZMW,1699586771000000000,5.5
windgeber_ZMW,1699587371000000000,5.5
windgeber_ZMW,1699587971000000000,5.7
windgeber_ZMW,1699588571000000000,5.9
windgeber_ZMW,1699589171000000000,5.9
windgeber_ZMW,1699589771000000000,6.1
windgeber_ZMW,1699590371000000000,6.3
windgeber_ZMW,1699590971000000000,6.1
windgeber_ZMW,1699591571000000000,5.4
windgeber_ZMW,1699592171000000000,5.5
windgeber_ZMW,1699592771000000000,4.9
windgeber_ZMW,1699593371000000000,4.1
windgeber_ZMW,1699593971000000000,4.4
windgeber_ZMW,1699594571000000000,3.8
windgeber_ZMW,1699595171000000000,3
windgeber_ZMW,1699595771000000000,3.3
windgeber_ZMW,1699596371000000000,3.4
windgeber_ZMW,1699596971000000000,3.2
windgeber_ZMW,1699597571000000000,3.4
windgeber_ZMW,1699598171000000000,3.6
windgeber_ZMW,1699598771000000000,3.4
windgeber_ZMW,1699599371000000000,3.5
windgeber_ZMW,1699599971000000000,3.3
windgeber_ZMW,1699600571000000000,3.6
windgeber_ZMW,1699601171000000000,3.1
windgeber_ZMW,1699601771000000000,3.2
windgeber_ZMW,1699602371000000000,3
windgeber_ZMW,1699602971000000000,2.8
windgeber_ZMW,1699603571000000000,2.5
windgeber_ZMW,1699604171000000000,2.4
windgeber_ZMW,1699604771000000000,2.9
windgeber_ZMW,1699605371000000000,2.9
windgeber_ZMW,1699605971000000000,2.6
windgeber_ZMW,1699606571000000000,3
windgeber_ZMW,1699607171000000000,3.3
windgeber_ZMW,1699607771000000000,3.6
windgeber_ZMW,1699608371000000000,4.1
windgeber_ZMW,1699608971000000000,3.8
windgeber_ZMW,1699609571000000000,4
windgeber_ZMW,1699610171000000000,3.4
windgeber_ZMW,1699610771000000000,3.8
windgeber_ZMW,1699611371000000000,3.6
windgeber_ZMW,1699611971000000000,3.8
windgeber_ZMW,1699612571000000000,3.9
windgeber_ZMW,1699613171000000000,3.3
windgeber_ZMW,1699613771000000000,3.5
windgeber_ZMW,1699614371000000000,4.1
windgeber_ZMW,1699614971000000000,4.1
windgeber_ZMW,1699615571000000000,4.1
windgeber_ZMW,1699616171000000000,4.8
windgeber_ZMW,1699616771000000000,4
windgeber_ZMW,1699617371000000000,4.2
windgeber_ZMW,1699617971000000000,4.6
windgeber_ZMW,1699618571000000000,4.2
windgeber_ZMW,1699619171000000000,4.1
windgeber_ZMW,1699619771000000000,3.8
windgeber_ZMW,1699620371000000000,4
windgeber_ZMW,1699620971000000000,3.9
windgeber_ZMW,1699621571000000000,3.4
windgeber_ZMW,1699622171000000000,3.6
windgeber_ZMW,1699622771000000000,3.7
windgeber_ZMW,1699623371000000000,4.1
windgeber_ZMW,1699623971000000000,2.5
windgeber_ZMW,1699624571000000000,4.6
windgeber_ZMW,1699625171000000000,2.7
windgeber_ZMW,1699625771000000000,1.5
windgeber_ZMW,1699626371000000000,2.1
windgeber_ZMW,1699626971000000000,2.5
windgeber_ZMW,1699627571000000000,2.5
windgeber_ZMW,1699628171000000000,2
windgeber_ZMW,1699628771000000000,2.3
windgeber_ZMW,1699629371000000000,2.4
windgeber_ZMW,1699629971000000000,2.7
windgeber_ZMW,1699630571000000000,2.7
windgeber_ZMW,1699631171000000000,2.9
windgeber_ZMW,1699631771000000000,4.7
windgeber_ZMW,1699632371000000000,5.3
windgeber_ZMW,1699632971000000000,5
windgeber_ZMW,1699633571000000000,4.8
windgeber_ZMW,1699634171000000000,5
windgeber_ZMW,1699634771000000000,5
windgeber_ZMW,1699635371000000000,4.5
windgeber_ZMW,1699635971000000000,4.1
windgeber_ZMW,1699636571000000000,4.8
windgeber_ZMW,1699637171000000000,5.4
windgeber_ZMW,1699637771000000000,5.1
windgeber_ZMW,1699638371000000000,4.7
windgeber_ZMW,1699638971000000000,4.3
windgeber_ZMW,1699639571000000000,3.8
windgeber_ZMW,1699640171000000000,2.9
windgeber_ZMW,1699640771000000000,3.2
windgeber_ZMW,1699641371000000000,4.1
windgeber_ZMW,1699641971000000000,5.1
windgeber_ZMW,1699642572000000000,5.4
windgeber_ZMW,1699643172000000000,4.8
windgeber_ZMW,1699643772000000000,3.4
windgeber_ZMW,1699644372000000000,4.4
windgeber_ZMW,1699644972000000000,4.7
windgeber_ZMW,1699645572000000000,4.3
windgeber_ZMW,1699646172000000000,3.2
windgeber_ZMW,1699646772000000000,4
windgeber_ZMW,1699647372000000000,4.3
windgeber_ZMW,1699647972000000000,3.6
windgeber_ZMW,1699648572000000000,2.3
windgeber_ZMW,1699649172000000000,2.5
windgeber_ZMW,1699649772000000000,2.7
windgeber_ZMW,1699650372000000000,2.3
windgeber_ZMW,1699650972000000000,2.6
windgeber_ZMW,1699651572000000000,2.8
windgeber_ZMW,1699652172000000000,3
windgeber_ZMW,1699652772000000000,2.6
windgeber_ZMW,1699653372000000000,2.3
windgeber_ZMW,1699653972000000000,1.5
windgeber_ZMW,1699654572000000000,2.3
windgeber_ZMW,1699655172000000000,4.3
windgeber_ZMW,1699655772000000000,4.9
windgeber_ZMW,1699656372000000000,4.6
windgeber_ZMW,1699656972000000000,3.9
windgeber_ZMW,1699657572000000000,3.8
windgeber_ZMW,1699658172000000000,4.3
windgeber_ZMW,1699658772000000000,4.6
windgeber_ZMW,1699659372000000000,4.3
windgeber_ZMW,1699659972000000000,4.6
windgeber_ZMW,1699660572000000000,3.8
windgeber_ZMW,1699661172000000000,4.5
windgeber_ZMW,1699661772000000000,4.5
windgeber_ZMW,1699662372000000000,4.7
windgeber_ZMW,1699662972000000000,4.4
windgeber_ZMW,1699663572000000000,4
windgeber_ZMW,1699664172000000000,4
windgeber_ZMW,1699664772000000000,4.5
windgeber_ZMW,1699665372000000000,4.3
windgeber_ZMW,1699665972000000000,4.6
windgeber_ZMW,1699666572000000000,3.9
windgeber_ZMW,1699667172000000000,4.1
windgeber_ZMW,1699667772000000000,4.1
windgeber_ZMW,1699668372000000000,3.9
windgeber_ZMW,1699668972000000000,3.5
windgeber_ZMW,1699669572000000000,3.5
windgeber_ZMW,1699670172000000000,3.6
windgeber_ZMW,1699670772000000000,4
windgeber_ZMW,1699671372000000000,4.4
windgeber_ZMW,1699671972000000000,4.1
windgeber_ZMW,1699672572000000000,4.2
windgeber_ZMW,1699673172000000000,3.6
windgeber_ZMW,1699673772000000000,3.4
windgeber_ZMW,1699674372000000000,3.2
windgeber_ZMW,1699674972000000000,3.2
windgeber_ZMW,1699675572000000000,3.6
windgeber_ZMW,1699676172000000000,3.3
windgeber_ZMW,1699676772000000000,4.2
windgeber_ZMW,1699677372000000000,4.1
windgeber_ZMW,1699677972000000000,3.6
windgeber_ZMW,1699678572000000000,4
windgeber_ZMW,1699679172000000000,3.6
windgeber_ZMW,1699679772000000000,3.7
windgeber_ZMW,1699680372000000000,3.4
windgeber_ZMW,1699680972000000000,3.2
windgeber_ZMW,1699681572000000000,3
windgeber_ZMW,1699682172000000000,3
windgeber_ZMW,1699682772000000000,2.7
windgeber_ZMW,1699683372000000000,1
windgeber_ZMW,1699683972000000000,2.6
windgeber_ZMW,1699684572000000000,2.9
windgeber_ZMW,1699685172000000000,2.8
windgeber_ZMW,1699685772000000000,2.7
windgeber_ZMW,1699686372000000000,2.8
windgeber_ZMW,1699686972000000000,3.1
windgeber_ZMW,1699687572000000000,3.1
windgeber_ZMW,1699688172000000000,2.7
windgeber_ZMW,1699688772000000000,2.7
windgeber_ZMW,1699689372000000000,2.5
windgeber_ZMW,1699689972000000000,1.7
windgeber_ZMW,1699690572000000000,1
windgeber_ZMW,1699691172000000000,0.9
windgeber_ZMW,1699691772000000000,1.1
windgeber_ZMW,1699692372000000000,0.9
windgeber_ZMW,1699692972000000000,0.9
windgeber_ZMW,1699693572000000000,0.7
windgeber_ZMW,1699694172000000000,1
windgeber_ZMW,1699694772000000000,0.8
windgeber_ZMW,1699695372000000000,0.4
windgeber_ZMW,1699695972000000000,1
windgeber_ZMW,1699696572000000000,1.1
windgeber_ZMW,1699697172000000000,0.9
windgeber_ZMW,1699697772000000000,1.1
windgeber_ZMW,1699698372000000000,1.6
windgeber_ZMW,1699698972000000000,1.3
windgeber_ZMW,1699699572000000000,1.3
windgeber_ZMW,1699700172000000000,1.4
windgeber_ZMW,1699700772000000000,1
windgeber_ZMW,1699701372000000000,1
windgeber_ZMW,1699701972000000000,1.1
windgeber_ZMW,1699702572000000000,0.9
windgeber_ZMW,1699703172000000000,0.7
windgeber_ZMW,1699703772000000000,0.9
windgeber_ZMW,1699704372000000000,1.7
windgeber_ZMW,1699704972000000000,1.9
windgeber_ZMW,1699705572000000000,1.8
windgeber_ZMW,1699706172000000000,2.1
windgeber_ZMW,1699706772000000000,1.1
windgeber_ZMW,1699707372000000000,1.5
windgeber_ZMW,1699707972000000000,1.6
windgeber_ZMW,1699708572000000000,1.4
windgeber_ZMW,1699709172000000000,0.9
windgeber_ZMW,1699709772000000000,0.9
windgeber_ZMW,1699710372000000000,0.9
windgeber_ZMW,1699710972000000000,1.1
windgeber_ZMW,1699711572000000000,1.9
windgeber_ZMW,1699712172000000000,1.7
windgeber_ZMW,1699712772000000000,2
windgeber_ZMW,1699713372000000000,1.7
windgeber_ZMW,1699713972000000000,1.1
windgeber_ZMW,1699714572000000000,0.8
windgeber_ZMW,1699715172000000000,0.8
windgeber_ZMW,1699715772000000000,0.7
windgeber_ZMW,1699716372000000000,0.9
windgeber_ZMW,1699716972000000000,0.6
windgeber_ZMW,1699717572000000000,0.9
windgeber_ZMW,1699718172000000000,1.1
windgeber_ZMW,1699718772000000000,2.1
windgeber_ZMW,1699719372000000000,2.4
windgeber_ZMW,1699719972000000000,2.2
windgeber_ZMW,1699720572000000000,2
windgeber_ZMW,1699721172000000000,1.7
windgeber_ZMW,1699721772000000000,1.4
windgeber_ZMW,1699722372000000000,2.2
windgeber_ZMW,1699722972000000000,2.8
windgeber_ZMW,1699723572000000000,2.8
windgeber_ZMW,1699724172000000000,2.7
windgeber_ZMW,1699724772000000000,2.4
windgeber_ZMW,1699725372000000000,2
windgeber_ZMW,1699725972000000000,2.7
windgeber_ZMW,1699726572000000000,3.7
windgeber_ZMW,1699727172000000000,3.3
windgeber_ZMW,1699727772000000000,3.2
windgeber_ZMW,1699728372000000000,3.3
windgeber_ZMW,1699728972000000000,3.3
windgeber_ZMW,1699729572000000000,2.7
windgeber_ZMW,1699730172000000000,2.6
windgeber_ZMW,1699730772000000000,2.3
windgeber_ZMW,1699731372000000000,2.2
windgeber_ZMW,1699731972000000000,2.4
windgeber_ZMW,1699732572000000000,2.3
windgeber_ZMW,1699733172000000000,2.5
windgeber_ZMW,1699733772000000000,2.6
windgeber_ZMW,1699734372000000000,2.4
windgeber_ZMW,1699734972000000000,2
windgeber_ZMW,1699735572000000000,1.5
windgeber_ZMW,1699736172000000000,1.5
windgeber_ZMW,1699736772000000000,2
windgeber_ZMW,1699737372000000000,2.5
windgeber_ZMW,1699737972000000000,2.8
windgeber_ZMW,1699738572000000000,2.7
windgeber_ZMW,1699739172000000000,4.4
windgeber_ZMW,1699739772000000000,3
windgeber_ZMW,1699740372000000000,3.3
windgeber_ZMW,1699740972000000000,2.7
windgeber_ZMW,1699741572000000000,3
windgeber_ZMW,1699742172000000000,2.6
windgeber_ZMW,1699742772000000000,2.2
windgeber_ZMW,1699743372000000000,2.4
windgeber_ZMW,1699743972000000000,2.2
windgeber_ZMW,1699744572000000000,2
windgeber_ZMW,1699745172000000000,2.1
windgeber_ZMW,1699745772000000000,2.2
windgeber_ZMW,1699746372000000000,1.7
windgeber_ZMW,1699746972000000000,1.4
windgeber_ZMW,1699747572000000000,1.4
windgeber_ZMW,1699748172000000000,1.4
windgeber_ZMW,1699748772000000000,1.2
windgeber_ZMW,1699749372000000000,1.3
windgeber_ZMW,1699749972000000000,1.3
windgeber_ZMW,1699750572000000000,0.6
windgeber_ZMW,1699751172000000000,1.5
windgeber_ZMW,1699751772000000000,1.3
windgeber_ZMW,1699752372000000000,1.3
windgeber_ZMW,1699752972000000000,1
windgeber_ZMW,1699753572000000000,1.2
windgeber_ZMW,1699754172000000000,1.7
windgeber_ZMW,1699754772000000000,2.1
windgeber_ZMW,1699755372000000000,1.5
windgeber_ZMW,1699755972000000000,1.2
windgeber_ZMW,1699756572000000000,1.2
windgeber_ZMW,1699757172000000000,1.3
windgeber_ZMW,1699757772000000000,0.7
windgeber_ZMW,1699758372000000000,1.2
windgeber_ZMW,1699758972000000000,1.5
windgeber_ZMW,1699759572000000000,1.6
windgeber_ZMW,1699760172000000000,1.4
windgeber_ZMW,1699760772000000000,1.2
windgeber_ZMW,1699761372000000000,1.2
windgeber_ZMW,1699761972000000000,0.9
windgeber_ZMW,1699762572000000000,1
windgeber_ZMW,1699763172000000000,0.9
windgeber_ZMW,1699763772000000000,0.9
windgeber_ZMW,1699764372000000000,0.8
windgeber_ZMW,1699764972000000000,0.9
windgeber_ZMW,1699765572000000000,1.2
windgeber_ZMW,1699766172000000000,1.4
windgeber_ZMW,1699766772000000000,1.5
windgeber_ZMW,1699767372000000000,1.9
windgeber_ZMW,1699767972000000000,1.9
windgeber_ZMW,1699768572000000000,1.1
windgeber_ZMW,1699769172000000000,1.5
windgeber_ZMW,1699769772000000000,1.7
windgeber_ZMW,1699770372000000000,1.3
windgeber_ZMW,1699770972000000000,1.4
windgeber_ZMW,1699771572000000000,1.7
windgeber_ZMW,1699772172000000000,1.6
windgeber_ZMW,1699772772000000000,1.8
windgeber_ZMW,1699773372000000000,2.1
windgeber_ZMW,1699773972000000000,2
windgeber_ZMW,1699774572000000000,1.5
windgeber_ZMW,1699775172000000000,1.4
windgeber_ZMW,1699775772000000000,1.1
windgeber_ZMW,1699776372000000000,1.1
windgeber_ZMW,1699776972000000000,1.8
windgeber_ZMW,1699777572000000000,1.5
windgeber_ZMW,1699778172000000000,1.4
windgeber_ZMW,1699778772000000000,1.5
windgeber_ZMW,1699779372000000000,1.3
windgeber_ZMW,1699779972000000000,1.3
windgeber_ZMW,1699780572000000000,1.7
windgeber_ZMW,1699781172000000000,1.4
windgeber_ZMW,1699781772000000000,1.4
windgeber_ZMW,1699782372000000000,2
windgeber_ZMW,1699782972000000000,1.9
windgeber_ZMW,1699783572000000000,2.1
windgeber_ZMW,1699784172000000000,1.8
windgeber_ZMW,1699784772000000000,0.7
windgeber_ZMW,1699785372000000000,2
windgeber_ZMW,1699785972000000000,2.8
windgeber_ZMW,1699786572000000000,2.5
windgeber_ZMW,1699787172000000000,2.9
windgeber_ZMW,1699787772000000000,2.7
windgeber_ZMW,1699788372000000000,2.5
windgeber_ZMW,1699788972000000000,2.6
windgeber_ZMW,1699789572000000000,2.4
windgeber_ZMW,1699790172000000000,3.1
windgeber_ZMW,1699790772000000000,3.8
windgeber_ZMW,1699791372000000000,4.4
windgeber_ZMW,1699791972000000000,4
windgeber_ZMW,1699792572000000000,3.9
windgeber_ZMW,1699793172000000000,3.2
windgeber_ZMW,1699793772000000000,2.5
windgeber_ZMW,1699794372000000000,2.3
windgeber_ZMW,1699794972000000000,2
windgeber_ZMW,1699795572000000000,2.7
windgeber_ZMW,1699796172000000000,3.4
windgeber_ZMW,1699796772000000000,3.3
windgeber_ZMW,1699797372000000000,3.1
windgeber_ZMW,1699797972000000000,2.8
windgeber_ZMW,1699798572000000000,2
windgeber_ZMW,1699799172000000000,2
windgeber_ZMW,1699799772000000000,2.3
windgeber_ZMW,1699800372000000000,2.1
windgeber_ZMW,1699800972000000000,1.9
windgeber_ZMW,1699801572000000000,1.6
windgeber_ZMW,1699802172000000000,1.8
windgeber_ZMW,1699802772000000000,2.2
windgeber_ZMW,1699803372000000000,2.9
windgeber_ZMW,1699803972000000000,2.8
windgeber_ZMW,1699804572000000000,1.9
windgeber_ZMW,1699805172000000000,2.3
windgeber_ZMW,1699805772000000000,2.4
windgeber_ZMW,1699806372000000000,2
windgeber_ZMW,1699806972000000000,2.2
windgeber_ZMW,1699807572000000000,2.7
windgeber_ZMW,1699808172000000000,3.3
windgeber_ZMW,1699808772000000000,3.5
windgeber_ZMW,1699809372000000000,2.9
windgeber_ZMW,1699809972000000000,2.6
windgeber_ZMW,1699810572000000000,1.2
windgeber_ZMW,1699811172000000000,0.2
windgeber_ZMW,1699811772000000000,1.8
windgeber_ZMW,1699812372000000000,1.3
windgeber_ZMW,1699812972000000000,0.7
windgeber_ZMW,1699813572000000000,2.3
windgeber_ZMW,1699814172000000000,4.4
windgeber_ZMW,1699814772000000000,4.1
windgeber_ZMW,1699815372000000000,3.2
windgeber_ZMW,1699815972000000000,2.4
windgeber_ZMW,1699816572000000000,2.6
windgeber_ZMW,1699817172000000000,3
windgeber_ZMW,1699817772000000000,2.1
windgeber_ZMW,1699818372000000000,2.5
windgeber_ZMW,1699818972000000000,2.9
windgeber_ZMW,1699819572000000000,2.7
windgeber_ZMW,1699820172000000000,2.6
windgeber_ZMW,1699820772000000000,3
windgeber_ZMW,1699821372000000000,3.1
windgeber_ZMW,1699821972000000000,2.9
windgeber_ZMW,1699822572000000000,2.8
windgeber_ZMW,1699823172000000000,2.5
windgeber_ZMW,1699823772000000000,2.7
windgeber_ZMW,1699824372000000000,2.4
windgeber_ZMW,1699824972000000000,2.7
windgeber_ZMW,1699825572000000000,2.6
windgeber_ZMW,1699826172000000000,2.8
windgeber_ZMW,1699826772000000000,2.9
windgeber_ZMW,1699827372000000000,2.8
windgeber_ZMW,1699827972000000000,2.7
windgeber_ZMW,1699828572000000000,2.8
windgeber_ZMW,1699829172000000000,2.7
windgeber_ZMW,1699829772000000000,2.9
windgeber_ZMW,1699830372000000000,2.7
windgeber_ZMW,1699830972000000000,3
windgeber_ZMW,1699831572000000000,3.1
windgeber_ZMW,1699832172000000000,2.3
windgeber_ZMW,1699832772000000000,1.7
windgeber_ZMW,1699833372000000000,1.4
windgeber_ZMW,1699833972000000000,1.6
windgeber_ZMW,1699834572000000000,1.7
windgeber_ZMW,1699835172000000000,2.4
windgeber_ZMW,1699835772000000000,2.8
windgeber_ZMW,1699836372000000000,2.6
windgeber_ZMW,1699836972000000000,2.2
windgeber_ZMW,1699837572000000000,2.7
windgeber_ZMW,1699838172000000000,3.3
windgeber_ZMW,1699838772000000000,3
windgeber_ZMW,1699839372000000000,2.5
windgeber_ZMW,1699839972000000000,2.1
windgeber_ZMW,1699840572000000000,2.1
windgeber_ZMW,1699841172000000000,2.3
windgeber_ZMW,1699841772000000000,2.9
windgeber_ZMW,1699842372000000000,2.8
windgeber_ZMW,1699842972000000000,2.8
windgeber_ZMW,1699843572000000000,3.2
windgeber_ZMW,1699844172000000000,3
windgeber_ZMW,1699844772000000000,2.6
windgeber_ZMW,1699845372000000000,2.7
windgeber_ZMW,1699845972000000000,3
windgeber_ZMW,1699846572000000000,3.3
windgeber_ZMW,1699847172000000000,3.4
windgeber_ZMW,1699847772000000000,3.6
windgeber_ZMW,1699848372000000000,3.2
windgeber_ZMW,1699848972000000000,2.7
windgeber_ZMW,1699849572000000000,2.3
windgeber_ZMW,1699850172000000000,2.3
windgeber_ZMW,1699850772000000000,2.2
windgeber_ZMW,1699851372000000000,2
windgeber_ZMW,1699851972000000000,1.7
windgeber_ZMW,1699852572000000000,1.8
windgeber_ZMW,1699853172000000000,1.5
windgeber_ZMW,1699853772000000000,1.8
windgeber_ZMW,1699854372000000000,1.8
windgeber_ZMW,1699854972000000000,1.9
windgeber_ZMW,1699855572000000000,1.8
windgeber_ZMW,1699856172000000000,1.7
windgeber_ZMW,1699856772000000000,1.7
windgeber_ZMW,1699857372000000000,2
windgeber_ZMW,1699857972000000000,2.3
windgeber_ZMW,1699858572000000000,2.3
windgeber_ZMW,1699859172000000000,2.1
windgeber_ZMW,1699859772000000000,1.8
windgeber_ZMW,1699860372000000000,1.9
windgeber_ZMW,1699860972000000000,1.6
windgeber_ZMW,1699861572000000000,1.4
windgeber_ZMW,1699862172000000000,1.2
windgeber_ZMW,1699862772000000000,1.3
windgeber_ZMW,1699863372000000000,1.2
windgeber_ZMW,1699863972000000000,0.7
windgeber_ZMW,1699864572000000000,1.2
windgeber_ZMW,1699865172000000000,0.8
windgeber_ZMW,1699865772000000000,1
windgeber_ZMW,1699866372000000000,0.5
windgeber_ZMW,1699866972000000000,0.2
windgeber_ZMW,1699867572000000000,0.2
windgeber_ZMW,1699868172000000000,0.4
windgeber_ZMW,1699868772000000000,0.2
windgeber_ZMW,1699869372000000000,1
windgeber_ZMW,1699869972000000000,0.9
windgeber_ZMW,1699870572000000000,1.1
windgeber_ZMW,1699871172000000000,0.6
windgeber_ZMW,1699871772000000000,0.9
windgeber_ZMW,1699872372000000000,1.8
windgeber_ZMW,1699872972000000000,1.8
windgeber_ZMW,1699873572000000000,2.4
windgeber_ZMW,1699874172000000000,2.9
windgeber_ZMW,1699874772000000000,2
windgeber_ZMW,1699875372000000000,4
windgeber_ZMW,1699875972000000000,3.7
windgeber_ZMW,1699876572000000000,3.9
windgeber_ZMW,1699877172000000000,4.5
windgeber_ZMW,1699877772000000000,4
windgeber_ZMW,1699878372000000000,4.4
windgeber_ZMW,1699878972000000000,5.3
windgeber_ZMW,1699879572000000000,4.8
windgeber_ZMW,1699880172000000000,4.7
windgeber_ZMW,1699880772000000000,5.1
windgeber_ZMW,1699881372000000000,4.8
windgeber_ZMW,1699881972000000000,5.3
windgeber_ZMW,1699882572000000000,5
windgeber_ZMW,1699883172000000000,3.2
windgeber_ZMW,1699883772000000000,3.4
windgeber_ZMW,1699884372000000000,3.5
windgeber_ZMW,1699884972000000000,3.4
windgeber_ZMW,1699885572000000000,3.5
windgeber_ZMW,1699886172000000000,3.3
windgeber_ZMW,1699886772000000000,3.2
windgeber_ZMW,1699887372000000000,3.7
windgeber_ZMW,1699887972000000000,3.6
windgeber_ZMW,1699888572000000000,3.5
windgeber_ZMW,1699889172000000000,3.3
windgeber_ZMW,1699889772000000000,3.5
windgeber_ZMW,1699890372000000000,4.2
windgeber_ZMW,1699890972000000000,4.1
windgeber_ZMW,1699891572000000000,4.1
windgeber_ZMW,1699892172000000000,3.8
windgeber_ZMW,1699892772000000000,4.1
windgeber_ZMW,1699893372000000000,4.6
windgeber_ZMW,1699893972000000000,5
windgeber_ZMW,1699894572000000000,5.3
windgeber_ZMW,1699895172000000000,5.3
windgeber_ZMW,1699895772000000000,5.9
windgeber_ZMW,1699896372000000000,5.6
windgeber_ZMW,1699896972000000000,6.2
windgeber_ZMW,1699897572000000000,6.3
windgeber_ZMW,1699898172000000000,6.1
windgeber_ZMW,1699898772000000000,5.6
windgeber_ZMW,1699899372000000000,5.7
windgeber_ZMW,1699899972000000000,5.8
windgeber_ZMW,1699900572000000000,5.6
windgeber_ZMW,1699901172000000000,5.2
windgeber_ZMW,1699901772000000000,5.2
windgeber_ZMW,1699902372000000000,4.5
windgeber_ZMW,1699902972000000000,4.9
windgeber_ZMW,1699903572000000000,5.9
windgeber_ZMW,1699904172000000000,5.9
windgeber_ZMW,1699904772000000000,7.1
windgeber_ZMW,1699905372000000000,6.2
windgeber_ZMW,1699905972000000000,6.2
windgeber_ZMW,1699906572000000000,5.6
windgeber_ZMW,1699907172000000000,5.6
windgeber_ZMW,1699907772000000000,4.9
windgeber_ZMW,1699908372000000000,4.3
windgeber_ZMW,1699908972000000000,5
windgeber_ZMW,1699909572000000000,4.2
windgeber_ZMW,1699910172000000000,4.2
windgeber_ZMW,1699910772000000000,4.3
windgeber_ZMW,1699911372000000000,4.9
windgeber_ZMW,1699911972000000000,4.6
windgeber_ZMW,1699912572000000000,5.1
windgeber_ZMW,1699913172000000000,5.5
windgeber_ZMW,1699913772000000000,5.7
windgeber_ZMW,1699914372000000000,5.6
windgeber_ZMW,1699914972000000000,5.9
windgeber_ZMW,1699915572000000000,6.5
windgeber_ZMW,1699916172000000000,6.6
windgeber_ZMW,1699916772000000000,6.3
windgeber_ZMW,1699917372000000000,6.1
windgeber_ZMW,1699917972000000000,6.8
windgeber_ZMW,1699918572000000000,7.5
windgeber_ZMW,1699919172000000000,7.6
windgeber_ZMW,1699919772000000000,7.4
windgeber_ZMW,1699920372000000000,6.8
windgeber_ZMW,1699920972000000000,6.7
windgeber_ZMW,1699921572000000000,7.1
windgeber_ZMW,1699922172000000000,7.7
windgeber_ZMW,1699922772000000000,7.5
windgeber_ZMW,1699923372000000000,7.2
windgeber_ZMW,1699923973000000000,8.8
windgeber_ZMW,1699924573000000000,8
windgeber_ZMW,1699925173000000000,7.5
windgeber_ZMW,1699925773000000000,7.8
windgeber_ZMW,1699926373000000000,7.1
windgeber_ZMW,1699926973000000000,7.7
windgeber_ZMW,1699927573000000000,7.8
windgeber_ZMW,1699928173000000000,7.4
windgeber_ZMW,1699928773000000000,7.1
windgeber_ZMW,1699929373000000000,7.5
windgeber_ZMW,1699929973000000000,7.7
windgeber_ZMW,1699930573000000000,6.6
windgeber_ZMW,1699931173000000000,7.8
windgeber_ZMW,1699931773000000000,7.6
windgeber_ZMW,1699932373000000000,7.1
windgeber_ZMW,1699932973000000000,7.9
windgeber_ZMW,1699933573000000000,7.4
windgeber_ZMW,1699934173000000000,8.1
windgeber_ZMW,1699934773000000000,7.8
windgeber_ZMW,1699935373000000000,8.1
windgeber_ZMW,1699935973000000000,8.2
windgeber_ZMW,1699936573000000000,7.3
windgeber_ZMW,1699937173000000000,7.9
windgeber_ZMW,1699937773000000000,7.2
windgeber_ZMW,1699938373000000000,7.7
windgeber_ZMW,1699938973000000000,7.3
windgeber_ZMW,1699939573000000000,7.1
windgeber_ZMW,1699940173000000000,7.8
windgeber_ZMW,1699940773000000000,8.1
windgeber_ZMW,1699941373000000000,8.7
windgeber_ZMW,1699941973000000000,8.2
windgeber_ZMW,1699942573000000000,8.8
windgeber_ZMW,1699943173000000000,8.7
windgeber_ZMW,1699943773000000000,8.7
windgeber_ZMW,1699944373000000000,8.8
windgeber_ZMW,1699944973000000000,8.5
windgeber_ZMW,1699945573000000000,8.8
windgeber_ZMW,1699946173000000000,8.4
windgeber_ZMW,1699946773000000000,8.5
windgeber_ZMW,1699947373000000000,8.9
windgeber_ZMW,1699947973000000000,9.6
windgeber_ZMW,1699948573000000000,9.7
windgeber_ZMW,1699949173000000000,10.4
windgeber_ZMW,1699949773000000000,10
windgeber_ZMW,1699950373000000000,9.9
windgeber_ZMW,1699950973000000000,9.3
windgeber_ZMW,1699951573000000000,9.3
windgeber_ZMW,1699952173000000000,9.3
windgeber_ZMW,1699952773000000000,9.7
windgeber_ZMW,1699953373000000000,10.3
windgeber_ZMW,1699953973000000000,10.7
windgeber_ZMW,1699954573000000000,10.6
windgeber_ZMW,1699955173000000000,10.7
windgeber_ZMW,1699955773000000000,11.2
windgeber_ZMW,1699956373000000000,11.2
windgeber_ZMW,1699956973000000000,10.7
windgeber_ZMW,1699957573000000000,10.2
windgeber_ZMW,1699958173000000000,10.4
windgeber_ZMW,1699958773000000000,8.9
windgeber_ZMW,1699959373000000000,9
windgeber_ZMW,1699959973000000000,7.2
windgeber_ZMW,1699960573000000000,6
windgeber_ZMW,1699961173000000000,6.3
windgeber_ZMW,1699961773000000000,3.6
windgeber_ZMW,1699962373000000000,4.3
windgeber_ZMW,1699962973000000000,7
windgeber_ZMW,1699963573000000000,11.4
windgeber_ZMW,1699964173000000000,10.9
windgeber_ZMW,1699964773000000000,10.9
windgeber_ZMW,1699965373000000000,9.4
windgeber_ZMW,1699965973000000000,8.5
windgeber_ZMW,1699966573000000000,9.2
windgeber_ZMW,1699967173000000000,10.8
windgeber_ZMW,1699967773000000000,11.3
windgeber_ZMW,1699968373000000000,10.7
windgeber_ZMW,1699968973000000000,10.1
windgeber_ZMW,1699969573000000000,10.5
windgeber_ZMW,1699970173000000000,12.5
windgeber_ZMW,1699970773000000000,11.3
windgeber_ZMW,1699971373000000000,10.7
windgeber_ZMW,1699971973000000000,8.1
windgeber_ZMW,1699972573000000000,10.3
windgeber_ZMW,1699973173000000000,13.5
windgeber_ZMW,1699973773000000000,10.4
windgeber_ZMW,1699974373000000000,10.1
windgeber_ZMW,1699974973000000000,10.5
windgeber_ZMW,1699975573000000000,9.1
windgeber_ZMW,1699976173000000000,9.3
windgeber_ZMW,1699976773000000000,9.2
windgeber_ZMW,1699977373000000000,9.2
windgeber_ZMW,1699977973000000000,9.1
windgeber_ZMW,1699978573000000000,8.6
windgeber_ZMW,1699979173000000000,7.4
windgeber_ZMW,1699979773000000000,7.6
windgeber_ZMW,1699980373000000000,7.7
windgeber_ZMW,1699980973000000000,7.5
windgeber_ZMW,1699981573000000000,7.9
windgeber_ZMW,1699982173000000000,8.1
windgeber_ZMW,1699982773000000000,7.5
windgeber_ZMW,1699983373000000000,8.4
windgeber_ZMW,1699983973000000000,8.4
windgeber_ZMW,1699984573000000000,8.9
windgeber_ZMW,1699985173000000000,10.2
windgeber_ZMW,1699985773000000000,9.5
windgeber_ZMW,1699986373000000000,7.9
windgeber_ZMW,1699986973000000000,4.8
windgeber_ZMW,1699987573000000000,4.3
windgeber_ZMW,1699988173000000000,7.4
windgeber_ZMW,1699988773000000000,6.9
windgeber_ZMW,1699989373000000000,6.3
windgeber_ZMW,1699989973000000000,6.2
windgeber_ZMW,1699990573000000000,6.1
windgeber_ZMW,1699991173000000000,6.3
windgeber_ZMW,1699991773000000000,6.6
windgeber_ZMW,1699992373000000000,5.2
windgeber_ZMW,1699992973000000000,5.5
windgeber_ZMW,1699993573000000000,5.5
windgeber_ZMW,1699994173000000000,5.5
windgeber_ZMW,1699994773000000000,5.8
windgeber_ZMW,1699995373000000000,5.5
windgeber_ZMW,1699995973000000000,5.6
windgeber_ZMW,1699996573000000000,5.6
windgeber_ZMW,1699997173000000000,6.6
windgeber_ZMW,1699997773000000000,6.2
windgeber_ZMW,1699998373000000000,5.5
windgeber_ZMW,1699998973000000000,5.6
windgeber_ZMW,1699999573000000000,6.1
windgeber_ZMW,1700000173000000000,6.5
windgeber_ZMW,1700000773000000000,6
windgeber_ZMW,1700001373000000000,5.5
windgeber_ZMW,1700001973000000000,5.2
windgeber_ZMW,1700002573000000000,5.1
windgeber_ZMW,1700003173000000000,5.4
windgeber_ZMW,1700003773000000000,5.4
windgeber_ZMW,1700004373000000000,4.9
windgeber_ZMW,1700004973000000000,4.9
windgeber_ZMW,1700005573000000000,5.1
windgeber_ZMW,1700006173000000000,5.1
windgeber_ZMW,1700006773000000000,4.3
windgeber_ZMW,1700007373000000000,4
windgeber_ZMW,1700007973000000000,3.4
windgeber_ZMW,1700008573000000000,3.5
windgeber_ZMW,1700009173000000000,4.5
windgeber_ZMW,1700009773000000000,2.6
windgeber_ZMW,1700010373000000000,2.9
windgeber_ZMW,1700010973000000000,3.2
windgeber_ZMW,1700011573000000000,3.7
windgeber_ZMW,1700012173000000000,4.1
windgeber_ZMW,1700012773000000000,4.6
windgeber_ZMW,1700013373000000000,4.4
windgeber_ZMW,1700013973000000000,4.7
windgeber_ZMW,1700014573000000000,4.8
windgeber_ZMW,1700015173000000000,3.6
windgeber_ZMW,1700015773000000000,2.9
windgeber_ZMW,1700016373000000000,4.2
windgeber_ZMW,1700016973000000000,4.6
windgeber_ZMW,1700017573000000000,4.2
windgeber_ZMW,1700018173000000000,4.7
windgeber_ZMW,1700018773000000000,3.9
windgeber_ZMW,1700019373000000000,3.2
windgeber_ZMW,1700019973000000000,3.7
windgeber_ZMW,1700020573000000000,3.3
windgeber_ZMW,1700021173000000000,3.4
windgeber_ZMW,1700021773000000000,3.5
windgeber_ZMW,1700022373000000000,3.9
windgeber_ZMW,1700022973000000000,4.6
windgeber_ZMW,1700023573000000000,4.2
windgeber_ZMW,1700024173000000000,3.2
windgeber_ZMW,1700024773000000000,2.8
windgeber_ZMW,1700025373000000000,2.6
windgeber_ZMW,1700025973000000000,2.3
windgeber_ZMW,1700026573000000000,3.3
windgeber_ZMW,1700027173000000000,2.7
windgeber_ZMW,1700027773000000000,3.1
windgeber_ZMW,1700028373000000000,4
windgeber_ZMW,1700028973000000000,3.2
windgeber_ZMW,1700029573000000000,3.5
windgeber_ZMW,1700030173000000000,3.2
windgeber_ZMW,1700030773000000000,3.1
windgeber_ZMW,1700031373000000000,3.4
windgeber_ZMW,1700031973000000000,3.5
windgeber_ZMW,1700032573000000000,3.2
windgeber_ZMW,1700033173000000000,3.6
windgeber_ZMW,1700033773000000000,3.2
windgeber_ZMW,1700034373000000000,3.1
windgeber_ZMW,1700034973000000000,3.5
windgeber_ZMW,1700035573000000000,3.5
windgeber_ZMW,1700036173000000000,3.3
windgeber_ZMW,1700036773000000000,3.4
windgeber_ZMW,1700037373000000000,3.6
windgeber_ZMW,1700037973000000000,3.9
windgeber_ZMW,1700038573000000000,3.7
windgeber_ZMW,1700039173000000000,3.7
windgeber_ZMW,1700039773000000000,3
windgeber_ZMW,1700040373000000000,3
windgeber_ZMW,1700040973000000000,3
windgeber_ZMW,1700041573000000000,2.9
windgeber_ZMW,1700042173000000000,3
windgeber_ZMW,1700042773000000000,3.4
windgeber_ZMW,1700043373000000000,3.1
windgeber_ZMW,1700043973000000000,2.7
windgeber_ZMW,1700044573000000000,2.7
windgeber_ZMW,1700045173000000000,2.5
windgeber_ZMW,1700045773000000000,2.8
windgeber_ZMW,1700046373000000000,2.5
windgeber_ZMW,1700046973000000000,2.4
windgeber_ZMW,1700047573000000000,2.4
windgeber_ZMW,1700048173000000000,2.4
windgeber_ZMW,1700048773000000000,2.6
windgeber_ZMW,1700049373000000000,2.8
windgeber_ZMW,1700049973000000000,2.7
windgeber_ZMW,1700050573000000000,2.6
windgeber_ZMW,1700051173000000000,3.2
windgeber_ZMW,1700051773000000000,3.2
windgeber_ZMW,1700052373000000000,2.7
windgeber_ZMW,1700052973000000000,2.4
windgeber_ZMW,1700053573000000000,2.5
windgeber_ZMW,1700054173000000000,2.8
windgeber_ZMW,1700054773000000000,3.2
windgeber_ZMW,1700055373000000000,3
windgeber_ZMW,1700055973000000000,3.1
windgeber_ZMW,1700056573000000000,2.2
windgeber_ZMW,1700057173000000000,2.1
windgeber_ZMW,1700057773000000000,1.7
windgeber_ZMW,1700058373000000000,1.6
windgeber_ZMW,1700058973000000000,1.7
windgeber_ZMW,1700059573000000000,1.8
windgeber_ZMW,1700060173000000000,1.9
windgeber_ZMW,1700060773000000000,1.8
windgeber_ZMW,1700061373000000000,2.2
windgeber_ZMW,1700061973000000000,1.9
windgeber_ZMW,1700062573000000000,2.1
windgeber_ZMW,1700063173000000000,2.4
windgeber_ZMW,1700063773000000000,1.7
windgeber_ZMW,1700064373000000000,1.5
windgeber_ZMW,1700064973000000000,1
windgeber_ZMW,1700065573000000000,1.4
windgeber_ZMW,1700066173000000000,1.6
windgeber_ZMW,1700066773000000000,1.3
windgeber_ZMW,1700067373000000000,1.4
windgeber_ZMW,1700067973000000000,1.4
windgeber_ZMW,1700068573000000000,1.1
windgeber_ZMW,1700069173000000000,1.1
windgeber_ZMW,1700069773000000000,1
windgeber_ZMW,1700070373000000000,0.3
windgeber_ZMW,1700070973000000000,0.5
windgeber_ZMW,1700071573000000000,0.2
windgeber_ZMW,1700072173000000000,0
windgeber_ZMW,1700072773000000000,0
windgeber_ZMW,1700073373000000000,0
windgeber_ZMW,1700073973000000000,0.4
windgeber_ZMW,1700074573000000000,0.8
windgeber_ZMW,1700075173000000000,0.3
windgeber_ZMW,1700075773000000000,0.6
windgeber_ZMW,1700076373000000000,0.6
windgeber_ZMW,1700076973000000000,1.9
windgeber_ZMW,1700077573000000000,1.7
windgeber_ZMW,1700078173000000000,1.7
windgeber_ZMW,1700078773000000000,1.8
windgeber_ZMW,1700079373000000000,2.2
windgeber_ZMW,1700079973000000000,1.8
windgeber_ZMW,1700080573000000000,1.3
windgeber_ZMW,1700081173000000000,1.2
windgeber_ZMW,1700081773000000000,1.5
windgeber_ZMW,1700082373000000000,1.1
windgeber_ZMW,1700082973000000000,0.6
windgeber_ZMW,1700083573000000000,1.8
windgeber_ZMW,1700084173000000000,2.9
windgeber_ZMW,1700084773000000000,3
windgeber_ZMW,1700085373000000000,2.1
windgeber_ZMW,1700085973000000000,1.9
windgeber_ZMW,1700086573000000000,2.2
windgeber_ZMW,1700087173000000000,1.8
windgeber_ZMW,1700087773000000000,1.6
windgeber_ZMW,1700088373000000000,1.5
windgeber_ZMW,1700088973000000000,1.9
windgeber_ZMW,1700089573000000000,2.4
windgeber_ZMW,1700090173000000000,2
windgeber_ZMW,1700090773000000000,2.1
windgeber_ZMW,1700091373000000000,2.1
windgeber_ZMW,1700091973000000000,2.6
windgeber_ZMW,1700092573000000000,3
windgeber_ZMW,1700093173000000000,2.8
windgeber_ZMW,1700093773000000000,2.7
windgeber_ZMW,1700094373000000000,2.4
windgeber_ZMW,1700094973000000000,2.3
windgeber_ZMW,1700095573000000000,2.7
windgeber_ZMW,1700096173000000000,2.3
windgeber_ZMW,1700096773000000000,3
windgeber_ZMW,1700097373000000000,2.9
windgeber_ZMW,1700097973000000000,2.6
windgeber_ZMW,1700098573000000000,3.1
windgeber_ZMW,1700099173000000000,3.4
windgeber_ZMW,1700099773000000000,2.9
windgeber_ZMW,1700100373000000000,2.8
windgeber_ZMW,1700100973000000000,2.3
windgeber_ZMW,1700101573000000000,2.6
windgeber_ZMW,1700102173000000000,2.5
windgeber_ZMW,1700102773000000000,2.8
windgeber_ZMW,1700103373000000000,2.8
windgeber_ZMW,1700103973000000000,2.6
windgeber_ZMW,1700104573000000000,2.6
windgeber_ZMW,1700105173000000000,2.7
windgeber_ZMW,1700105773000000000,2.7
windgeber_ZMW,1700106373000000000,3
windgeber_ZMW,1700106973000000000,3
windgeber_ZMW,1700107573000000000,2.7
windgeber_ZMW,1700108173000000000,2.6
windgeber_ZMW,1700108773000000000,3
windgeber_ZMW,1700109373000000000,2.9
windgeber_ZMW,1700109973000000000,3.1
windgeber_ZMW,1700110573000000000,3.2
windgeber_ZMW,1700111173000000000,3.4
windgeber_ZMW,1700111773000000000,3.8
windgeber_ZMW,1700112373000000000,4.1
windgeber_ZMW,1700112973000000000,3.3
windgeber_ZMW,1700113573000000000,3.6
windgeber_ZMW,1700114173000000000,4.2
windgeber_ZMW,1700114773000000000,4.4
windgeber_ZMW,1700115373000000000,4.3
windgeber_ZMW,1700115973000000000,3.7
windgeber_ZMW,1700116573000000000,3.5
windgeber_ZMW,1700117173000000000,3.9
windgeber_ZMW,1700117773000000000,4.2
windgeber_ZMW,1700118373000000000,4
windgeber_ZMW,1700118973000000000,3.9
windgeber_ZMW,1700119573000000000,3.6
windgeber_ZMW,1700120173000000000,4
windgeber_ZMW,1700120773000000000,5.2
windgeber_ZMW,1700121373000000000,5.5
windgeber_ZMW,1700121973000000000,5.6
windgeber_ZMW,1700122573000000000,6
windgeber_ZMW,1700123173000000000,6.1
windgeber_ZMW,1700123773000000000,6.1
windgeber_ZMW,1700124373000000000,5.7
windgeber_ZMW,1700124973000000000,6.5
windgeber_ZMW,1700125573000000000,6.1
windgeber_ZMW,1700126173000000000,7.4
windgeber_ZMW,1700126773000000000,8.3
